Age,Gender,Ethnicity,ParentalEducation,StudyTimeWeekly,Absences,Tutoring,ParentalSupport,Extracurricular,Sports,Music,Volunteering
15,0,0,1,5.139045990169397,14,0,2,0,0,0,0
18,0,0,2,17.836404228132256,27,0,2,1,1,0,1
16,1,0,1,5.638737686835169,11,1,2,0,1,0,0
15,0,0,2,8.237045662889939,29,0,3,0,0,0,1
17,0,0,2,10.800583845213756,18,0,2,0,0,0,0
15,0,1,2,3.669157695177301,11,1,2,0,0,0,0
16,1,0,2,15.457478727637062,3,0,1,0,1,1,0
18,0,0,2,16.975351705626284,27,1,0,1,0,0,1
15,0,2,1,3.058863729508523,19,0,2,0,0,1,1
16,1,2,0,15.36178756837333,3,1,2,1,1,0,0
15,0,0,3,0.5289380519533493,15,1,2,0,0,0,0
16,1,0,2,1.998637541088193,13,0,1,1,0,0,0
16,0,2,1,11.934459802124342,17,1,3,0,1,0,0
17,0,1,0,10.508639966192844,15,1,2,0,0,0,1
16,1,2,2,1.0715311921481585,14,0,3,0,1,1,1
15,1,0,1,10.194463432071304,14,0,0,0,0,0,0
16,0,1,0,4.536742046509903,4,0,2,0,0,0,0
16,1,2,1,18.63070098310524,5,0,3,0,1,0,0
15,0,0,2,6.508365613652156,20,1,2,1,0,1,1
16,0,0,2,7.829085415889423,28,0,3,0,1,0,0
17,0,0,3,10.34241776226661,26,1,0,0,0,0,0
15,1,1,2,0.0048586886902546,18,1,1,0,0,0,0
15,0,2,3,1.6607751562037287,25,1,0,0,0,0,1
15,1,0,3,1.969892833588065,21,0,2,1,0,0,0
15,1,1,3,16.560865715485043,12,0,2,0,0,0,0
17,1,2,2,15.357218462517109,4,0,2,0,0,0,0
17,0,2,3,1.517432824480951,6,0,1,1,0,0,0
16,1,0,2,2.606814471381438,17,0,3,1,0,0,1
18,0,0,2,16.214413458903497,23,1,1,0,1,0,0
16,1,0,1,1.3418746525975744,16,0,1,0,1,0,0
16,1,0,1,16.947101078187337,23,0,0,1,1,0,0
16,0,2,2,1.1659440772471408,17,1,1,1,1,0,1
15,0,1,1,19.23280984630608,13,0,2,1,1,0,0
15,1,0,0,5.791654093414542,2,0,1,1,0,0,0
16,1,0,3,18.55868402474043,27,0,2,0,1,0,0
15,1,2,1,9.5398383075635,9,0,2,0,0,0,0
17,0,0,1,3.821037374173657,12,1,4,0,0,0,0
15,1,1,2,13.267252219129857,14,1,3,0,0,0,0
16,1,0,1,12.429288453135692,21,1,3,0,0,1,0
15,0,0,2,1.4174340130974716,9,0,4,0,1,0,0
17,0,0,1,12.475067687384657,21,0,1,0,0,0,0
18,1,2,2,6.172652970479014,19,0,2,0,0,1,0
18,0,1,2,11.83615815326652,11,1,3,1,1,0,0
18,1,1,0,10.281613912385463,10,0,3,1,0,0,0
16,0,0,2,18.251684358496465,18,1,2,1,0,0,0
15,1,0,2,4.193218442234008,17,0,2,1,0,0,0
16,0,3,0,8.808691413120922,3,0,0,0,0,0,0
15,0,0,3,18.17835488242908,21,1,2,0,1,0,0
17,0,1,2,6.7233067715916,11,0,0,1,1,0,1
17,1,0,2,9.602698792767464,23,0,0,1,1,0,0
18,0,2,1,4.596520835850722,12,1,2,1,0,0,0
15,1,0,2,13.023954241906928,13,1,2,1,1,0,0
17,1,3,2,10.871911498225842,15,0,4,0,1,1,0
18,0,3,1,0.3936643076282742,14,1,2,0,1,1,1
16,1,2,1,10.541418770269166,9,0,3,0,0,0,0
17,1,2,2,17.18649902140952,5,0,3,0,0,0,0
17,1,1,0,5.0286030437492695,11,0,3,0,1,0,1
18,1,0,0,16.223252077582643,24,0,3,1,1,0,0
17,1,1,2,1.444586965449557,24,0,0,0,0,0,0
15,1,0,2,16.808855010920404,5,0,2,0,0,1,0
15,0,1,1,15.497168043639116,21,0,2,0,0,1,0
15,1,2,4,0.1357634804717955,17,0,2,0,1,1,1
17,1,0,1,17.53120981577435,25,1,3,0,0,0,0
15,0,1,3,10.69601953838336,27,1,1,1,0,0,0
15,1,0,1,5.48023560771095,7,0,3,0,0,0,0
17,1,3,2,4.139726060002391,10,0,4,1,0,0,0
15,0,2,0,3.410607787875506,5,0,0,0,0,0,0
18,1,1,1,9.962593483679608,28,1,1,0,1,0,0
17,1,1,2,8.214008011730861,5,0,1,0,0,0,0
17,1,0,2,5.73733749965588,8,0,1,1,1,0,0
18,0,0,2,5.949853399853364,20,1,0,0,0,0,0
16,1,1,3,19.94845878107108,7,0,3,0,0,0,0
16,1,0,2,1.8227467817941445,15,1,1,0,0,0,0
17,1,2,2,2.8766894198062176,6,0,2,0,0,0,0
17,1,0,1,15.679050361956818,23,0,3,1,1,0,0
15,1,0,4,1.3972384136932336,11,0,0,1,0,1,0
17,1,0,2,6.195306282858068,7,0,3,1,0,0,0
15,1,1,3,15.395446147711713,11,0,1,1,0,0,0
17,1,0,1,1.232159705849385,17,0,3,0,0,0,0
15,0,0,0,11.136242862814802,24,1,0,0,0,0,0
18,0,2,3,0.1154132258593598,21,1,2,1,0,0,0
15,1,2,2,15.048184664240186,9,0,3,0,0,0,0
17,0,3,1,5.371592086659332,17,0,2,1,0,0,0
18,1,2,2,8.96321746738004,25,0,3,0,0,0,1
18,1,0,1,8.96341694042637,24,0,3,1,1,0,0
15,1,2,0,9.286634895903056,19,0,2,0,0,0,0
16,1,3,2,0.0604174271232249,21,0,2,0,0,0,1
17,0,1,2,16.119402573419077,18,1,3,0,0,0,0
18,1,0,2,17.81648263021255,24,0,2,0,0,1,0
16,0,2,4,10.364366312718548,12,0,0,0,0,1,0
15,0,0,0,19.51054658041804,28,0,2,0,0,0,1
17,1,1,2,8.528121129839457,27,0,2,1,1,0,0
16,0,3,2,7.099902316278836,16,1,3,0,1,0,0
18,1,3,3,9.35698366584086,21,0,2,0,0,0,0
17,1,0,2,6.736954028943054,27,0,4,0,0,0,0
18,1,3,1,19.41336055587741,25,0,2,0,0,0,0
18,1,2,2,7.598010446454079,0,1,3,0,0,0,0
15,0,0,0,10.552489136774156,28,0,4,1,0,0,0
17,1,1,2,13.34702326100792,12,0,1,1,0,0,0
17,0,1,3,9.20205253115376,10,0,4,1,0,0,1
18,1,2,2,17.220176426160272,28,0,4,0,0,0,0
17,1,1,1,8.968156820318658,4,0,2,1,0,1,0
17,0,1,1,8.630162396952848,25,0,1,0,0,0,1
17,1,0,1,11.29638325772792,27,0,2,0,1,0,0
18,0,0,2,5.733211625740459,5,0,1,0,0,0,1
15,1,1,1,3.583593492506452,20,0,3,1,0,0,0
15,0,2,2,4.059871183823944,23,0,4,1,1,0,0
16,0,1,2,17.05077481711934,6,0,3,0,1,0,0
17,0,0,3,1.7387912138450834,24,0,1,1,0,0,0
18,1,0,2,7.2637824743245,6,0,1,0,0,0,0
15,0,0,1,2.527402838940102,19,0,2,0,0,0,0
17,1,2,2,14.667230294641872,3,0,0,1,0,0,0
15,0,2,1,11.448154519355302,19,0,2,0,0,0,0
17,0,1,1,19.062492250159305,11,0,3,0,0,0,0
17,0,1,3,2.1855889073631984,7,0,3,1,0,0,0
18,0,0,4,13.045280118875404,17,0,0,0,0,0,0
16,0,0,3,9.636745071525164,24,0,0,0,0,0,0
15,1,0,1,12.388901476363063,18,0,2,1,0,0,0
18,0,0,1,3.278405240938897,1,0,0,0,1,0,0
15,1,3,2,2.5160467269210263,14,1,3,1,0,0,0
17,0,0,1,7.119367816644731,27,1,4,0,1,0,0
15,0,0,2,7.468891822908709,4,0,2,1,0,0,0
16,1,0,3,12.13439159564464,19,0,3,0,0,0,1
17,0,1,2,12.875412162024894,27,1,1,0,0,0,0
16,1,1,2,18.023552464347112,24,0,3,0,1,1,0
16,0,1,4,19.08263283142145,25,0,3,0,0,1,0
18,0,0,1,2.6840485265270053,26,0,3,0,0,0,0
16,0,2,1,7.830741992032584,27,1,2,0,0,0,0
17,1,0,0,5.327552828600477,26,1,1,0,1,0,0
18,0,0,1,5.072849486827511,8,0,0,0,1,0,0
16,1,2,3,19.278320241463767,29,0,3,0,0,0,1
18,1,1,3,6.074477032636516,15,0,3,1,0,1,0
18,1,1,2,13.016559009786562,11,0,4,0,0,0,0
15,0,0,1,0.4513716640475418,3,0,2,1,0,0,0
16,1,2,2,9.242809465398016,23,1,3,1,0,0,0
18,1,2,2,11.13636720556615,22,0,0,0,0,0,0
18,1,0,2,13.001849022798629,22,0,2,1,1,0,1
16,1,0,1,18.755291186364484,5,1,2,1,0,0,0
15,0,1,3,10.549129274434645,4,1,1,0,1,0,0
15,1,1,1,14.109933038692477,20,0,2,0,0,0,0
17,0,3,2,16.57060519163017,18,1,3,0,1,0,0
15,1,0,2,18.72251143080269,24,0,3,0,1,0,0
18,0,0,3,7.854702284484551,8,0,1,0,0,0,0
18,0,2,2,3.875782600467097,5,0,3,1,0,0,0
16,1,0,2,12.8455632701423,20,0,4,0,0,1,0
18,0,1,2,7.9617435647246175,5,0,2,0,1,0,1
17,0,0,0,0.9591546487397528,12,0,3,1,0,1,0
18,0,0,2,2.403185174712439,16,0,4,1,0,0,0
17,0,2,4,9.622513836336912,28,1,0,0,0,0,0
17,0,1,2,14.025866841767682,11,0,2,0,0,0,0
15,1,0,3,7.046177684183565,28,0,2,0,0,0,0
16,0,0,2,16.50269751322838,25,1,2,0,0,1,0
17,1,1,1,6.45957466727616,10,0,3,0,0,1,0
17,1,1,1,12.26340721486234,10,0,0,1,0,1,0
17,1,0,1,2.695715698348762,8,0,2,1,1,0,0
17,0,0,2,7.559367112825683,21,0,3,1,0,0,0
16,0,3,2,5.252672247321472,2,0,1,0,0,0,0
16,1,2,4,0.6211375207031122,16,1,4,0,0,0,0
17,1,0,2,18.608972010900622,29,0,2,0,1,0,1
17,1,2,3,1.573953503907981,28,0,3,1,0,0,0
15,0,0,1,16.4092258031663,2,1,1,1,1,0,0
15,1,2,1,12.897120868594536,14,0,2,0,1,0,1
18,1,2,2,9.69984569154999,11,0,3,1,0,0,1
16,1,0,1,14.81559734321345,5,1,3,0,0,0,1
18,1,0,0,1.8731490521494896,20,1,1,0,0,0,0
15,1,1,2,19.916047355598373,1,0,2,0,0,0,0
15,1,0,2,15.130771669906132,16,0,2,0,1,0,0
18,0,2,1,15.87074804457662,22,0,3,0,0,1,0
18,1,0,2,1.8657476944393705,21,0,0,0,0,0,1
16,0,0,0,18.061013062050307,13,0,1,0,0,1,0
15,0,0,2,2.5807281777884983,1,1,2,1,0,1,0
16,1,1,1,2.0150568791915258,11,0,2,0,0,0,0
15,0,3,2,18.434533389033227,29,0,1,0,0,0,0
17,1,0,2,9.270956785178438,15,0,2,1,1,0,1
17,0,2,3,13.47033573634518,9,1,2,1,0,0,0
15,1,0,1,11.468032517954075,14,1,2,0,0,0,1
15,0,2,2,0.815700268710362,1,0,1,0,0,1,1
17,1,2,1,12.932422673151107,17,0,3,0,0,0,0
15,1,1,0,17.605035465633744,9,0,1,0,0,0,0
16,0,2,2,14.043286572966249,7,1,0,0,0,0,0
17,1,0,2,16.543162968552465,8,1,1,1,0,0,0
18,0,0,0,1.599649655935096,7,0,2,0,1,0,0
17,1,3,2,11.206973487006469,8,0,1,0,1,1,0
16,1,0,2,7.5208358221831295,5,0,0,0,0,0,0
17,1,2,2,1.2014633670996488,6,0,1,0,0,0,0
16,1,2,2,15.272305979233137,28,1,3,0,0,0,0
15,0,2,2,4.336285518582166,2,0,3,0,1,0,0
16,0,0,2,13.81402078998332,14,0,2,0,0,0,0
17,1,1,1,1.3350050970151384,14,0,3,0,0,0,0
17,1,3,1,12.57442774051164,0,1,3,1,0,0,0
16,0,0,2,0.1840179525075891,11,1,0,1,0,0,0
17,0,0,1,13.522835772029143,23,1,4,1,0,0,0
18,0,2,2,1.7601205502290451,14,0,2,0,0,0,0
15,1,0,1,3.595956269901508,2,1,0,0,0,0,0
16,0,0,2,4.645467295810015,11,0,1,1,0,0,0
16,1,0,1,6.15310174712673,12,0,3,0,0,0,0
16,0,0,1,17.425539762423142,1,0,2,1,0,0,0
17,1,3,2,10.130999998170944,26,0,1,0,0,0,0
16,1,0,2,0.0181167049218045,16,0,4,1,0,1,0
15,0,0,1,14.452234496688993,3,1,3,1,0,0,0
16,0,2,1,11.543994928451228,1,0,2,1,1,0,0
15,0,3,2,16.66548610057515,22,1,4,0,0,0,0
18,1,1,2,13.4194941897157,20,0,2,1,0,0,0
16,0,0,1,5.921310200778942,29,0,3,1,0,0,0
17,1,0,1,5.382395052760208,18,0,1,1,0,0,0
15,1,2,2,18.55801259724054,11,0,2,0,1,0,1
17,0,0,1,4.286001446457572,14,1,2,1,1,1,0
17,1,1,0,9.786454949502428,9,0,4,0,1,0,0
15,1,1,2,5.463192407398902,3,1,4,1,0,0,0
17,0,0,2,17.934930998154893,0,0,1,0,0,0,0
16,0,0,2,5.497913165141755,21,0,2,0,0,0,0
18,1,0,3,12.354538481235886,13,0,2,0,0,1,0
16,0,0,3,2.9909863711388907,7,0,4,0,0,0,0
18,0,1,2,5.427627901591691,27,0,2,0,0,0,0
15,0,0,1,13.143953232801245,21,0,2,0,1,0,0
15,1,0,3,5.951414328816309,2,0,3,0,0,0,0
15,1,3,3,1.106647743266922,15,1,2,0,1,0,0
16,1,1,1,19.441069492469765,16,0,4,1,0,0,0
18,1,0,2,1.7704463042945684,20,1,1,0,1,0,1
17,1,0,0,14.870885392745892,19,0,3,0,0,0,1
18,0,1,1,3.5238881232849506,0,0,2,1,0,0,0
15,0,0,2,10.856827486681492,0,0,3,1,0,1,0
15,0,0,2,9.727832561777875,19,1,4,0,0,0,0
15,0,0,2,12.454825527549552,23,1,2,0,1,0,0
18,0,2,4,14.32650686952056,14,1,3,0,1,1,0
16,0,1,0,5.789957302394393,11,1,0,1,0,0,0
16,0,0,1,17.278066325882264,23,1,3,0,0,0,0
15,0,1,3,0.4776838263828553,3,0,3,0,1,0,0
16,0,1,1,7.622010272236281,18,1,3,0,0,0,0
18,0,0,2,3.777403735257088,13,0,2,0,0,0,0
18,0,0,1,18.737068601820305,15,0,1,1,1,0,0
15,1,0,2,10.728207661600608,13,1,1,0,0,0,0
17,0,0,2,4.612772804285279,23,0,3,0,0,1,0
17,0,0,3,16.665425640716958,10,0,4,0,0,0,0
18,1,1,4,17.902000581324884,14,0,3,0,0,0,1
15,0,0,2,14.070566803630609,2,1,2,1,0,0,0
17,1,0,1,1.30001577897777,6,0,2,1,0,0,0
18,1,2,3,0.3167614188974843,16,0,2,1,1,1,0
16,0,0,1,0.6376959041718422,15,1,4,1,0,0,0
17,1,0,1,8.830945777596607,10,1,1,0,1,1,0
16,0,0,3,5.764239368962121,15,1,3,1,0,0,0
15,1,0,1,13.348310610676622,28,0,3,1,0,0,0
17,1,0,2,10.103280365866295,26,0,2,0,1,0,0
15,1,0,1,7.150266568544739,18,0,1,1,1,0,1
17,1,3,4,19.388787513517567,16,0,1,0,1,0,0
16,1,3,1,14.65446830826613,25,0,2,1,0,0,0
17,1,0,1,0.0143371741315956,19,0,3,1,0,0,0
15,0,0,1,11.794580721529314,29,0,3,0,1,0,0
17,1,0,2,4.1604912546649775,29,0,4,0,0,1,0
18,1,0,2,18.85825422783513,8,1,1,0,0,1,0
17,0,2,2,9.065235450517193,24,0,1,0,0,1,0
17,0,2,1,16.89418334151725,10,0,3,0,0,0,1
17,0,1,3,2.2078846849986755,21,1,3,0,0,0,0
15,1,0,1,17.449256301673483,10,0,4,0,0,0,1
16,1,0,1,6.393041245106012,18,0,4,1,0,0,0
16,0,1,2,8.359984338407031,8,1,3,1,0,1,0
17,1,0,1,8.946648533323756,22,0,0,0,1,1,0
15,0,0,4,5.253866197600104,7,0,2,0,0,0,0
18,0,1,2,18.616657283516147,14,0,3,0,0,1,0
15,0,0,2,19.57712030356469,21,1,2,1,0,0,0
18,1,3,2,14.078733340690308,11,0,3,0,0,0,1
17,1,1,2,10.502817035392592,29,0,1,1,0,0,0
18,0,2,3,4.838554562384731,23,0,2,0,0,0,1
17,1,0,1,10.087614085975336,8,0,4,0,0,0,1
15,1,1,1,4.915006243717757,21,0,2,0,0,0,0
18,0,0,4,11.707508455819127,17,0,0,0,0,1,0
18,1,1,3,2.894212722730398,27,0,2,0,0,1,0
15,0,1,2,19.27635322376361,3,1,4,0,0,0,0
17,0,0,2,8.3751798096531,9,0,3,0,0,0,0
18,1,2,3,11.03657467068337,4,0,2,1,0,0,0
18,0,0,4,17.66699402044208,8,1,2,0,1,0,1
15,1,0,1,10.261544367360996,7,0,1,1,0,0,1
18,1,2,2,7.980809040966081,11,0,2,1,0,1,0
16,1,2,2,16.436029185084006,20,0,2,1,1,0,0
15,0,0,1,11.33612210020932,21,1,2,1,0,0,0
15,1,0,3,0.8829112417491092,25,0,0,1,1,1,0
17,0,1,2,6.069064328992124,29,0,4,1,1,1,1
18,0,0,1,10.08842079430426,13,0,1,0,0,0,0
18,1,1,0,2.8225223659864374,4,0,1,1,1,0,1
16,0,2,0,9.91307841766494,15,0,2,0,1,0,1
16,1,2,2,18.451448098116,13,1,1,0,0,0,0
16,1,1,1,13.78218162973648,0,0,3,1,0,0,0
16,0,1,2,4.689680135663399,18,0,3,0,1,0,0
15,0,0,3,8.815098868826357,29,0,2,0,0,0,0
16,0,0,3,3.067296548314913,29,0,2,1,0,0,0
15,0,0,0,18.40227626645257,22,0,0,0,1,0,0
16,1,0,1,1.44543418022703,20,0,3,1,1,0,0
17,1,0,3,3.2499683094888288,22,0,3,1,1,0,1
18,1,2,1,0.7942241514449444,3,1,3,1,0,0,0
17,1,3,1,9.535077510166564,21,0,3,1,1,0,0
16,1,3,3,14.926276251381536,6,0,3,0,0,0,0
17,0,3,4,1.952375210702979,15,0,3,0,1,0,0
16,1,0,0,18.656924427205983,0,1,4,1,0,0,1
18,0,0,3,12.207877332881072,1,0,3,0,1,0,0
17,0,1,3,5.805673546295207,6,0,2,0,0,0,0
18,0,3,3,10.617180685769515,15,0,0,0,1,1,0
16,0,0,2,9.030940456348487,16,0,3,0,0,1,0
17,0,0,2,9.2854473864868,0,0,4,1,0,1,1
16,1,0,2,6.95937332310433,17,0,0,0,0,0,0
18,1,0,1,1.4514959608942155,2,0,1,1,0,0,0
18,1,0,3,10.077775935825471,7,0,2,1,0,0,0
15,0,0,1,8.817102254050317,12,1,2,1,0,1,0
16,1,3,1,19.15670608897006,23,0,1,0,0,1,0
15,0,1,1,15.843798765504902,17,0,0,1,0,0,0
16,1,0,2,10.812219886494582,2,0,3,0,0,0,0
15,0,0,0,19.092753040129367,12,0,2,1,0,0,1
17,0,0,0,4.465108021387218,20,0,2,1,0,0,0
16,0,0,2,17.562303939714027,22,0,3,0,0,0,0
15,0,1,0,13.092423870309258,13,1,1,0,0,0,0
16,0,0,3,7.873637719812256,0,1,4,0,0,1,0
16,0,0,3,0.9832165831009632,20,0,1,1,0,1,0
16,1,3,1,17.27154006278292,22,0,1,1,0,0,0
16,0,0,2,13.812454841626831,3,0,3,1,1,1,1
18,1,3,0,15.06625863758514,3,0,1,0,0,0,0
18,1,0,1,18.487086923876006,0,0,2,1,0,0,0
16,1,0,1,13.794030697237371,13,0,4,0,0,1,1
15,0,1,1,4.40219660038327,2,0,2,1,1,0,1
15,1,0,3,14.511364951198964,7,0,2,0,1,0,1
18,1,0,1,13.87726684656789,15,1,2,1,1,0,0
16,1,0,3,1.8911268954877647,6,0,3,1,0,1,1
17,0,0,1,7.583217279598868,4,1,4,0,1,0,0
16,0,1,3,13.480027421397072,26,0,2,1,0,0,0
16,0,0,3,8.603518168886264,25,0,2,1,0,1,1
15,0,0,1,0.001056538645936,4,1,3,0,1,0,0
18,1,0,3,0.0157902218643757,24,0,1,0,0,0,0
15,0,2,1,7.777029929482328,18,0,1,0,1,0,0
16,0,0,1,12.805018299045525,6,0,2,0,0,0,1
15,1,2,2,5.973443147750994,8,1,1,0,1,0,0
16,0,2,1,3.423694876702505,27,0,3,1,0,0,0
17,1,0,3,14.610293080526532,16,1,3,0,0,0,1
15,1,0,1,15.168073460684065,12,0,2,1,0,1,0
18,1,0,2,6.664834811014552,20,1,2,1,0,0,1
17,0,1,1,2.794411339579081,1,1,2,0,1,0,0
16,1,2,3,18.66226442337306,24,1,2,1,0,1,0
18,0,0,1,13.7658599685451,27,1,1,1,0,1,1
16,1,0,1,4.276024213254656,18,1,1,1,0,0,1
16,1,1,2,15.827054473046688,28,0,1,1,1,0,0
17,1,0,1,1.8296591585929425,3,0,1,0,0,0,0
18,1,1,2,0.8953677737697374,13,0,0,0,1,0,0
16,1,1,1,8.112387805108847,22,0,2,1,0,0,0
17,0,0,3,8.183932875712996,28,1,3,0,0,0,0
16,0,1,2,17.90170345532629,17,0,3,0,0,1,0
17,0,2,2,1.4183238287713906,24,0,3,0,0,0,0
18,1,0,3,0.777473940333786,22,0,2,0,0,1,0
18,0,1,3,9.952991090104364,5,0,2,1,0,0,0
17,0,1,2,3.8516326491705577,0,0,3,1,0,0,0
17,1,3,1,12.78772842908196,4,0,3,0,0,0,0
15,0,1,1,6.446769161618873,2,1,0,0,0,0,1
18,0,0,2,11.51002036938118,19,1,1,0,0,0,0
17,0,1,0,9.876940294831227,29,0,3,1,0,0,1
16,1,0,1,3.716641111306851,5,0,2,0,0,0,0
15,0,3,1,9.423451187562836,8,0,3,1,1,0,0
18,0,0,2,7.943737726342577,27,1,1,0,0,0,0
17,1,2,1,11.213889627513602,5,0,1,0,0,1,0
18,0,0,0,0.2328979900619243,22,0,0,0,0,0,0
18,0,0,3,12.194163910735195,0,0,1,0,0,0,0
17,1,0,3,13.733008467080746,6,0,2,1,1,0,0
17,1,0,1,19.23524956690937,3,0,0,1,0,0,0
16,0,1,3,13.230486482923498,25,0,3,1,0,0,0
16,0,0,0,14.304737069652662,18,1,2,1,0,0,0
17,0,2,1,14.057328881002029,11,0,3,0,1,0,0
15,0,0,1,0.2971224501500757,5,0,3,0,0,0,0
16,1,1,2,3.879879124467944,9,1,0,0,0,0,0
17,1,0,4,10.10331423045465,1,0,3,1,1,0,0
18,1,0,1,6.586425549650086,20,1,1,1,0,0,0
17,1,2,0,15.956047444172157,23,0,0,0,0,1,0
17,0,0,1,6.771080548741026,9,1,3,0,1,0,0
15,1,2,1,0.4743272061158121,6,0,1,0,1,0,0
18,1,0,3,7.859015299827061,19,0,4,0,1,1,0
15,0,3,1,12.545168012719564,0,0,1,0,0,0,0
17,1,2,3,10.982880304829024,10,0,2,0,1,1,0
18,0,1,2,11.703895707857075,7,0,1,0,0,0,1
15,1,0,2,17.347092782307158,25,1,0,1,1,0,0
15,0,0,1,2.2906573665269647,19,1,4,0,0,0,0
17,1,0,3,2.4377842416071798,28,1,3,1,0,0,0
17,0,2,1,1.7040095511932396,1,1,2,0,0,0,0
16,1,2,4,17.8952397402499,19,1,2,1,0,0,0
18,1,2,2,0.2602042685174544,15,0,3,1,1,1,0
18,0,2,2,8.78058487960896,17,0,4,1,0,0,0
15,1,0,2,10.731563800572406,6,0,0,1,0,1,0
15,1,0,2,1.521999779615486,19,0,2,1,0,0,0
18,0,0,3,2.2789053888908706,17,0,2,0,0,1,0
15,1,0,3,14.391168265308698,21,0,2,0,0,1,1
18,0,0,2,2.062935217567221,13,0,4,1,0,0,0
18,0,0,2,19.8418437405764,19,0,4,0,0,0,0
18,0,2,2,18.92757306716742,10,0,1,1,1,0,0
16,0,0,1,16.827135426103972,17,1,3,0,0,1,0
16,1,0,2,3.4714428830287947,24,0,2,0,0,1,0
17,0,0,3,10.743386432080577,0,0,1,1,0,0,1
15,1,0,1,4.197856846099944,1,1,2,0,0,0,0
15,1,1,4,14.645811348513922,28,0,2,0,0,0,0
16,1,0,2,13.570946828363212,3,0,2,0,0,0,0
15,0,1,1,17.269829009256366,5,0,0,0,0,0,0
17,1,1,2,11.156202514708689,17,0,3,0,1,1,1
15,1,0,2,4.422952202213867,25,0,0,0,1,0,0
15,0,0,1,13.856023972598177,18,0,4,1,1,0,0
15,0,0,2,15.921370507938748,27,0,2,0,1,0,0
16,0,1,4,1.317843300639454,0,1,2,0,0,1,0
15,1,2,3,2.6703110270563912,28,0,3,0,0,0,0
16,0,2,3,11.31114966452774,12,1,2,0,0,0,1
18,1,2,2,8.854718554129166,23,1,3,0,0,0,0
17,1,0,3,5.704886846135331,20,0,1,1,0,0,0
18,1,0,2,18.81279998372228,9,0,2,0,1,0,0
16,1,1,1,18.484368696853203,11,1,3,1,0,0,0
16,0,0,1,15.765504163416592,15,0,3,0,0,0,0
18,0,0,3,13.43558540509732,27,0,2,0,1,0,0
15,0,0,1,16.799964464878858,27,0,2,1,1,0,0
15,0,3,2,9.14047904385251,5,1,3,0,0,0,0
18,0,0,1,15.40875605584674,0,0,1,0,0,0,0
17,1,2,2,6.488764572701324,21,1,1,1,0,0,1
17,1,1,4,8.234953351804863,8,0,1,0,0,0,0
17,0,3,1,7.301878404636117,17,0,3,0,0,0,0
16,1,2,1,13.801507083775954,17,0,4,0,1,0,0
16,0,2,1,12.12433284441532,0,1,1,1,0,1,0
16,0,0,1,19.257409880036192,0,0,4,0,0,0,0
18,0,2,2,13.095515025685206,4,0,2,0,0,0,0
15,1,0,2,7.599199045195051,22,0,4,0,1,1,0
18,1,3,3,16.086406521943452,20,0,1,0,0,1,0
17,0,1,3,16.926360255617475,6,0,2,1,1,0,0
16,0,3,2,5.213327651242034,1,1,2,0,0,0,0
16,0,0,1,5.041397737003431,6,1,2,1,0,0,1
17,0,0,3,16.88419171552464,18,0,2,1,0,0,0
16,0,0,1,7.755286570594995,13,0,3,0,0,0,1
18,0,1,3,7.399977719199549,26,0,1,0,0,0,0
18,1,3,0,6.544423663229077,23,1,2,1,0,0,0
17,0,0,1,4.312795254516983,4,0,3,1,1,0,0
15,0,3,4,17.52584697047875,13,0,3,0,0,1,0
15,0,1,4,1.3602046390484102,22,0,1,1,1,0,1
16,1,0,1,12.89812647729834,20,1,1,0,0,1,0
16,1,0,2,16.738556656892474,7,0,2,0,0,0,0
18,1,0,1,18.245091222023117,9,0,2,0,1,0,0
17,0,1,2,15.630462590661342,3,0,0,1,0,0,0
17,0,1,2,15.033595340628466,1,0,1,0,0,0,0
15,1,3,1,18.852194203173116,3,0,0,1,0,0,0
15,0,2,3,18.54732818923107,14,1,3,0,0,1,0
18,0,0,2,1.860607494817914,26,0,2,1,0,0,0
15,1,3,1,6.403623348568772,12,0,2,1,1,0,0
18,1,3,2,4.784221760684375,15,0,1,1,0,1,0
16,0,0,2,8.090390489164701,27,0,3,0,1,0,0
16,0,2,1,5.783565077128863,10,0,2,0,0,0,0
16,1,1,3,5.30246522891479,27,0,0,0,1,0,0
15,0,0,0,10.58871481082553,15,0,3,0,0,0,1
16,0,1,1,16.382146523553757,26,0,4,0,0,0,0
18,0,0,1,13.710772411252464,27,0,3,1,1,0,0
15,1,0,2,4.394455002207938,16,0,2,0,0,0,1
17,1,3,2,7.82184488296441,20,0,3,0,0,0,0
16,1,2,2,12.120300049588865,16,0,3,1,0,1,0
16,1,1,2,7.339156636339905,27,0,2,1,0,0,0
15,0,3,1,9.405924453831496,18,0,2,0,0,1,0
15,1,2,0,2.122600386180389,21,0,3,1,0,1,0
18,1,0,2,5.1332337979182885,21,0,3,0,1,1,0
17,0,1,2,13.920628139782274,23,1,2,1,0,0,0
15,1,0,2,1.040916775122629,18,1,1,0,1,0,0
16,0,1,2,13.747798253714292,8,0,2,0,0,0,0
15,0,0,3,6.9979092729479735,21,0,3,0,0,0,0
18,0,0,2,3.67159254710292,20,0,3,1,0,0,0
17,0,1,2,19.012127431597456,12,0,1,1,1,0,0
15,0,3,2,3.4028548035431583,4,0,1,1,1,1,1
15,1,3,2,4.819925159918359,22,0,1,0,1,1,0
15,0,2,2,12.274159390874946,7,0,3,0,0,1,0
17,1,0,2,11.582596080700982,13,1,3,0,0,0,0
17,0,0,2,9.110033904384403,25,1,3,0,0,0,1
17,1,2,2,9.925902510012794,6,0,3,0,0,0,0
15,0,0,1,14.539597426916307,4,0,3,0,1,0,0
16,0,0,1,0.2305202810597051,26,0,2,0,0,0,0
16,1,0,2,8.531838021087868,16,1,2,0,0,0,1
15,1,1,2,8.40670778390998,2,0,2,0,0,1,0
17,0,2,0,2.5406715194646345,14,1,3,0,1,1,0
16,0,2,1,10.403204460487911,29,0,3,0,0,0,0
17,0,0,2,7.56392699056438,4,0,0,0,0,0,1
15,0,0,3,10.84066690194404,2,0,0,1,0,0,0
18,0,1,1,17.02968898627988,8,0,3,0,0,0,0
15,1,3,0,9.783930359612311,13,0,0,0,0,0,1
15,1,1,2,15.444805517865532,16,0,1,0,0,0,0
16,1,2,0,9.22067136195624,4,0,1,1,0,0,0
15,0,0,1,3.147570297377351,8,0,3,1,0,1,0
17,1,2,1,10.027019872674918,7,0,3,0,0,1,0
18,0,1,1,17.875483755238896,21,1,0,0,0,0,0
17,1,0,2,4.6724952729713305,17,1,3,0,0,0,0
18,0,0,1,8.359390871730541,24,0,3,0,0,0,0
18,1,0,1,9.532409126210808,5,1,0,0,0,0,0
15,0,0,1,17.500173994879404,24,0,2,0,0,0,0
17,1,1,0,4.121475598743505,14,0,1,1,0,0,0
18,1,0,3,3.9390726041744273,25,0,2,0,0,1,0
15,0,0,2,15.615709667309527,26,0,3,1,0,0,0
17,0,2,2,4.291296401856997,1,0,1,0,1,1,0
15,0,2,3,6.463881306486723,1,0,2,1,1,0,0
17,1,2,3,1.1031318120357092,1,0,2,1,0,0,0
18,0,2,2,10.390037095299622,15,1,4,0,1,0,1
16,0,0,1,6.682860447677244,6,1,0,0,0,0,1
17,1,0,2,5.490891694808893,8,1,3,0,0,0,1
18,1,2,3,5.564343741376443,19,1,3,0,0,0,0
17,0,1,3,11.04444560347693,0,0,0,1,0,1,1
15,1,0,2,4.843668911875354,21,0,2,0,0,0,0
17,1,0,0,13.483738976592276,11,1,1,1,0,1,0
18,1,0,1,3.165725121181961,1,1,3,0,1,0,0
15,1,0,1,17.00635416315198,11,0,4,1,0,0,0
15,1,1,3,2.3587734974846697,2,0,3,0,0,0,0
16,0,0,2,4.550677538729266,20,1,1,1,0,0,0
15,1,1,3,14.078718146556618,9,1,3,1,0,0,0
18,1,0,3,7.628176198062468,14,0,2,0,0,0,0
18,0,1,2,2.7083769963565607,5,0,2,0,0,0,1
18,0,0,3,16.246346654282377,3,0,2,0,0,0,1
18,0,3,1,6.185362229993907,12,0,0,0,0,0,0
18,1,0,2,17.155310967448845,29,0,2,1,0,1,0
17,1,1,1,2.6362074699491838,21,0,1,1,1,0,0
16,1,0,1,8.188958752546183,15,1,3,0,0,0,0
15,1,0,2,18.061950140986195,7,1,2,0,0,1,0
18,1,1,3,5.043639636385389,29,1,2,1,0,0,0
16,0,3,0,12.353891723771817,6,1,3,1,1,0,0
17,0,1,2,2.349517977529858,6,1,3,1,0,0,0
17,1,1,2,2.813066784673335,2,1,1,0,0,0,0
15,0,0,1,18.63825465194912,6,1,1,0,0,1,0
16,0,2,1,2.0123995444518017,18,0,3,0,1,0,0
17,0,3,1,17.248682602823138,26,1,3,1,0,0,0
18,0,2,2,17.472676452694003,0,0,0,0,1,0,0
16,1,2,2,17.998190867093435,5,0,0,1,0,0,0
15,0,2,2,11.564595723390276,19,0,3,0,0,0,0
18,1,1,2,15.683743584641592,1,1,4,0,1,0,0
16,1,3,1,19.004224117308603,1,0,2,0,0,1,0
17,0,0,2,13.015766416938035,18,0,4,1,0,0,0
15,1,2,2,17.73179192337893,15,0,2,0,1,0,0
17,1,0,2,5.319481293082243,12,0,4,0,1,0,0
18,0,2,2,7.560498988688041,1,0,1,0,0,0,0
16,1,0,2,11.13688826269125,4,0,4,1,1,0,0
16,0,0,2,10.369859498844807,6,0,2,0,0,0,0
18,0,0,2,11.723647081766828,28,0,3,0,0,1,1
17,1,2,2,10.194710200078742,14,0,3,1,1,0,1
16,0,3,2,19.18470870647644,14,0,3,0,0,0,0
16,0,0,1,12.61177394617087,10,0,3,0,0,1,0
15,0,2,1,15.785813093542094,4,1,2,0,1,0,0
17,1,2,0,11.46999169870432,26,0,2,0,0,0,1
17,1,0,1,9.648472031894578,21,0,1,0,0,0,0
18,1,1,3,9.043658787202158,23,0,4,1,1,0,0
17,1,1,0,18.75100674814677,0,1,4,1,0,0,0
17,0,0,2,11.985871326209574,17,1,2,0,0,0,0
18,0,2,2,10.86811704396528,16,0,1,1,0,1,0
15,0,1,0,1.9932784415355176,13,0,1,0,1,1,0
17,1,1,2,2.5387211534835274,12,0,2,0,1,0,0
17,0,0,1,10.596181141401082,22,0,0,1,0,0,0
18,1,2,1,0.2277933617710559,5,0,4,0,0,0,0
15,0,1,2,13.282514785667008,1,1,2,0,0,0,0
18,0,2,2,17.284612045231142,5,1,2,0,0,1,0
17,0,0,2,3.946279411521199,17,0,1,0,0,0,1
17,0,2,1,3.135258951985893,21,1,3,0,1,0,1
16,0,2,1,12.85666781631476,5,0,4,1,1,0,0
15,0,3,0,16.83617418057638,10,0,3,0,0,0,0
15,0,0,1,12.190570195081271,13,1,2,0,0,0,0
18,1,0,3,2.7007627336109485,12,0,1,0,0,0,0
17,1,2,1,8.6479272037018,20,0,3,0,1,0,0
15,0,2,2,5.055317199023282,12,1,0,0,1,0,0
18,1,3,2,2.905720194915733,19,0,2,0,0,0,0
16,0,0,1,17.901334458724282,29,0,3,1,1,1,0
15,0,1,2,19.136293411817554,8,1,4,0,0,0,0
17,0,3,2,18.39741868261085,10,0,4,0,0,0,0
16,1,3,2,13.21454786218303,15,1,2,1,0,1,0
16,1,0,0,3.874341015525957,17,0,2,0,0,0,1
16,1,3,4,10.349220187685823,15,0,3,1,1,0,1
15,0,1,1,2.0678987326008302,20,1,3,1,0,0,0
15,0,0,1,10.737364359412044,24,0,0,0,1,0,0
17,0,1,2,3.3074085102637185,26,1,2,1,1,0,0
18,1,0,2,5.153912963783593,24,0,1,0,0,0,0
15,0,0,3,6.333687120338521,8,1,2,1,0,0,0
16,0,1,1,15.887684501857128,6,1,1,0,0,1,1
18,1,2,1,10.723845585644083,3,0,3,0,1,0,1
15,0,0,2,4.843917840262844,21,0,2,0,1,0,0
15,1,0,2,5.365520409071134,15,0,2,0,0,0,0
15,0,1,1,3.4152056690077126,15,0,2,1,0,0,0
16,1,0,3,0.7640556751478211,11,0,3,0,0,0,0
16,1,2,1,14.121162292760616,17,0,4,0,1,0,0
17,1,1,4,6.588333147488859,18,1,1,0,0,0,0
16,0,0,1,19.124423472872557,29,1,3,1,1,0,0
15,0,2,1,14.846204910674489,22,1,3,0,0,0,0
17,1,0,0,2.5436237843377385,14,0,3,0,1,0,0
15,1,3,1,7.270289147385334,9,0,0,0,0,0,0
18,1,0,1,18.274549880129182,22,1,3,0,0,0,0
15,0,1,2,19.293809576569217,14,0,3,1,1,0,0
18,0,2,3,8.491452143719112,12,0,3,0,1,0,0
17,1,1,2,5.959595893245391,1,1,2,1,0,0,0
17,1,2,4,15.797292420710775,18,0,3,1,0,0,0
17,0,0,1,9.211320151245117,19,1,4,0,1,1,1
18,0,0,1,8.765972160663317,17,0,4,0,0,0,0
16,1,3,2,1.3559279165622518,3,1,2,0,0,1,1
16,0,2,2,16.57334287067188,20,1,2,0,0,1,0
18,1,2,2,17.471506115194686,20,1,3,0,0,0,0
17,0,2,2,17.430913614162527,5,0,0,0,0,0,0
18,0,3,2,10.74833877199614,15,0,2,0,0,1,1
18,0,2,1,3.283699281127175,18,0,2,0,0,0,0
18,0,1,2,2.6313061327870924,5,0,1,1,0,0,0
15,1,0,2,13.177108084536844,25,0,2,0,0,0,0
15,1,3,2,19.011879318622487,17,0,2,1,0,0,0
16,1,2,0,6.969559515913106,0,1,2,0,0,0,0
18,0,0,1,17.514340731178788,17,0,1,1,1,0,0
16,0,0,1,14.186285896069668,10,0,4,1,1,1,0
15,1,0,2,6.332048696548258,19,0,4,0,1,0,0
18,1,0,2,0.7672772271140227,24,0,4,0,0,1,0
15,1,2,2,18.493022108103617,7,0,2,0,0,0,0
18,0,0,0,3.576821370155987,27,0,1,0,1,0,0
17,1,1,1,16.524347515504402,20,1,2,1,0,0,0
15,0,0,3,3.780345654929944,11,1,1,0,1,0,0
16,0,0,2,9.697174794322072,1,1,3,0,0,0,0
17,1,3,0,5.670143805418788,2,1,4,0,0,1,0
18,1,0,1,6.684306745202293,4,0,0,0,0,0,0
16,1,0,2,16.78415906078918,14,1,1,0,0,0,0
16,0,1,1,5.399472737109241,17,1,1,0,0,1,0
17,1,0,2,2.306021806780987,12,0,1,0,0,0,0
17,1,2,1,15.746976968194142,12,0,4,1,1,0,0
15,1,0,2,18.899695711116863,3,1,3,1,1,0,0
16,0,1,0,8.875671585646714,25,0,3,1,0,0,0
15,0,3,2,2.563761456209235,17,1,0,1,0,0,0
18,1,0,2,1.0786516568174245,8,0,1,0,0,0,0
17,0,0,0,4.562007558047703,1,0,2,0,1,0,1
16,0,1,0,2.425297867182734,19,0,3,1,1,0,0
16,1,1,0,6.177217984729264,27,0,1,0,1,0,0
17,1,0,1,18.421389725991627,24,0,1,1,0,0,1
17,0,2,4,7.296361926157138,21,1,2,0,0,0,0
18,1,0,3,13.360389050251198,16,0,1,0,0,0,0
15,1,3,0,17.13459893011795,22,0,1,0,0,0,0
18,0,0,1,14.649092582674594,14,1,2,0,0,0,0
15,1,2,2,11.081167669204214,14,1,2,0,1,0,0
17,1,1,0,7.343476288625843,9,0,3,0,0,0,1
18,1,1,0,0.8376078767755102,23,0,0,1,0,0,0
18,1,1,2,5.96901322295521,0,0,3,0,0,1,0
16,1,0,2,4.567112283576953,7,1,2,1,0,1,0
15,0,0,2,7.95269971465506,25,0,0,0,0,0,0
18,1,3,2,14.613580230567804,25,0,1,0,0,0,0
16,0,3,1,6.846681649219814,25,1,1,0,1,0,0
18,0,1,2,3.7263355303706702,8,0,4,0,0,0,1
16,0,2,1,18.982249137764946,19,0,3,0,0,0,0
15,0,1,2,1.4849371866109151,18,1,3,1,1,0,0
15,1,0,2,4.294890048167148,20,0,3,0,1,0,0
16,0,1,4,0.4691804344230887,11,0,2,0,0,0,0
15,0,2,0,11.086451961673108,8,0,2,1,1,0,0
15,1,2,3,13.3520342716647,2,0,2,0,0,1,0
15,1,2,2,4.070710449636097,22,0,2,0,0,0,0
17,1,1,3,19.60103885952969,16,0,2,1,0,0,1
16,1,3,2,18.754092307587356,12,1,4,0,0,0,0
17,1,2,1,12.233113512920282,21,1,3,1,1,0,0
18,1,0,2,19.313063495328247,7,0,0,1,1,0,0
15,1,0,2,10.29855017721344,7,0,2,1,0,0,0
16,0,2,3,5.407664706213127,26,0,0,0,0,0,0
17,0,2,3,19.641547572712614,17,0,4,1,1,1,0
17,0,0,2,6.6538035938534,13,0,2,1,1,0,0
16,0,0,1,15.450451835250888,27,0,3,0,0,1,0
17,0,0,1,12.820121146414024,10,1,1,0,1,0,0
15,0,0,0,14.668036986698114,26,0,0,1,1,0,0
17,1,0,0,7.345554025614184,25,0,1,0,0,0,0
17,1,1,2,5.045056677103408,14,1,1,1,0,0,0
15,1,0,3,3.7827739265348015,22,0,4,1,0,0,1
16,1,2,2,12.276918900154485,22,0,4,0,0,0,0
15,0,3,4,5.418184464937424,7,0,3,0,0,0,0
16,0,0,1,16.828795199124894,28,1,2,0,0,0,0
15,1,1,2,0.3052967929205952,23,0,0,1,0,0,0
15,0,0,1,14.710414115871624,19,1,1,1,0,0,0
16,0,0,0,11.859694955109878,15,1,4,1,0,0,0
15,0,0,4,1.471267084315313,6,0,3,1,0,0,0
17,0,0,1,12.733858287158837,10,1,2,0,0,0,0
16,1,1,0,12.665378346749778,26,0,3,1,1,0,0
16,1,0,1,8.745632964892351,9,0,3,0,0,0,0
15,1,0,2,17.471111524541776,7,0,2,0,1,0,0
17,1,0,1,14.132850434978678,14,1,3,0,0,0,0
15,1,2,1,18.673578122658704,22,0,1,0,1,0,0
16,1,0,2,11.900926898475223,19,1,2,0,1,0,0
17,0,0,1,18.86596794491305,5,0,2,0,0,0,0
15,0,0,2,15.32314203165556,25,0,1,1,0,0,0
17,0,0,2,14.4123258132743,7,0,4,0,0,1,0
17,0,1,2,6.510066762522708,29,0,3,0,0,0,1
17,1,0,2,8.258223791784264,25,1,3,0,1,1,1
15,0,3,4,14.089872728233694,3,0,3,0,0,0,0
18,1,0,1,0.4397304407864721,28,0,3,1,1,0,0
15,0,0,3,8.132730537699409,17,0,4,0,0,0,1
16,1,0,1,6.700171399153916,14,0,3,0,0,0,0
16,1,1,1,13.86338720507692,12,0,2,1,0,0,0
16,1,0,3,9.850437080410169,16,0,1,1,0,0,0
16,1,0,2,13.387708473397383,28,1,4,0,0,0,1
17,1,0,4,1.2707144484783717,22,0,3,0,1,0,0
15,0,1,1,17.679955537423734,8,0,0,0,1,0,0
16,1,1,0,12.416652655483858,17,0,2,0,1,1,0
17,0,1,2,5.276121498927151,15,1,4,1,0,0,0
15,0,0,3,13.38696701525592,18,0,4,0,1,1,0
18,0,0,2,8.46716054701572,13,0,1,0,1,0,0
16,0,0,2,2.725011301839557,7,1,2,0,0,0,0
18,1,2,3,3.9337711646242624,8,1,3,0,1,0,0
15,0,0,0,12.366926140909149,17,0,3,0,1,0,0
17,0,0,3,19.517417255670733,23,0,1,0,0,1,1
15,0,0,1,7.186779810315745,17,0,3,0,1,0,0
16,1,3,3,18.94341233686788,7,0,4,0,1,1,0
16,0,3,2,18.515770989891365,11,0,1,0,0,0,0
18,0,0,1,14.964776123618002,20,0,1,1,1,1,0
17,0,0,1,18.78217396620481,19,0,2,0,0,1,0
18,0,2,2,5.069142593460326,8,0,3,0,0,0,0
17,0,2,3,11.66665819977035,28,0,1,0,0,0,0
17,0,0,2,9.89965589424922,14,0,4,1,0,1,0
17,0,0,1,11.197862030718987,28,0,2,0,1,0,0
16,0,0,2,11.755908101327444,20,0,3,0,0,0,0
16,0,2,2,11.528111029072669,9,0,2,0,1,0,0
15,0,0,0,17.10816324208576,23,0,2,0,1,0,0
15,1,0,1,13.363613239158102,2,0,3,1,0,0,0
17,0,2,1,9.081931867550733,19,0,2,0,0,0,0
16,1,0,1,18.26411923628345,29,1,3,0,0,0,0
16,1,1,1,14.098222654626722,8,1,2,1,0,0,0
18,0,0,2,8.619661256945168,18,0,1,1,0,0,0
16,1,0,1,13.392225130750353,25,0,2,0,0,0,0
18,1,2,1,2.912574770509029,25,0,1,0,1,0,1
15,1,2,3,17.57061498414312,25,0,1,0,0,0,1
16,1,3,2,6.300165503795481,0,0,3,1,0,1,0
15,0,1,2,9.980723458081629,28,0,2,0,1,0,0
17,0,0,2,0.6194120684502025,18,0,2,0,0,1,0
18,0,1,3,11.557541628818182,1,0,2,0,0,0,0
15,1,1,0,12.665669646659907,26,1,1,0,1,1,0
15,0,0,2,12.6535406968272,7,1,3,0,1,0,0
17,0,0,0,0.1862058152470735,29,1,2,1,1,0,0
17,1,1,4,1.564841971600455,14,0,1,0,1,0,0
15,1,0,2,2.247659498574188,13,1,1,1,1,1,0
17,1,0,2,7.354170162550863,2,0,1,0,0,1,0
15,1,2,2,1.784443361144772,12,0,2,1,0,0,0
17,0,1,2,16.032851796627344,3,1,2,1,0,0,1
18,1,0,2,9.000484790556051,23,0,2,1,0,1,0
15,0,2,2,3.2943549388596183,26,1,2,0,0,0,0
17,1,0,3,2.595659314452225,15,1,3,0,0,0,0
15,0,1,0,5.8244663715655225,19,0,3,0,1,0,0
15,0,0,2,8.802415419698724,1,1,1,1,0,1,0
17,0,2,0,6.327508147753658,0,1,2,0,0,0,1
16,0,0,1,6.267353889145564,7,0,2,0,0,0,0
18,0,2,2,10.646087276963325,3,1,2,1,1,0,0
15,0,3,0,4.631659825779988,6,1,2,0,0,1,0
15,1,2,1,6.052806812736291,7,0,4,0,0,0,0
18,1,2,4,7.7410002386977395,15,0,0,1,0,0,0
15,0,3,2,8.511117553934351,0,1,3,0,1,0,0
16,0,1,2,18.44615550967169,11,0,0,0,1,0,0
18,0,1,3,7.371249380554277,17,0,1,1,0,0,0
16,0,0,2,16.35808353664879,3,0,4,0,0,0,0
15,0,0,1,17.1021884399488,7,0,1,1,0,0,0
18,1,0,2,6.265014809776439,20,0,2,1,0,0,0
17,0,0,2,7.785327936180966,1,0,2,0,1,0,1
15,1,2,3,12.52489645526066,15,0,0,1,1,0,0
17,0,2,2,0.9956200304608752,4,1,3,1,0,0,1
18,1,2,2,10.691090895120784,4,0,2,1,0,0,0
15,1,2,4,17.467829158184387,19,1,1,0,1,0,0
16,0,0,1,12.600691550848763,7,0,1,1,0,0,1
17,1,3,2,14.4064583295712,11,0,4,0,0,0,0
18,1,0,4,0.9213833935093518,20,0,2,0,1,1,0
16,0,0,1,18.2203139995844,0,0,4,0,0,0,0
18,1,0,1,3.214266983819713,26,0,3,0,1,0,0
16,1,0,1,17.841487021872414,24,0,3,0,1,0,0
15,1,0,3,2.7730505822660745,28,0,2,1,0,0,0
18,1,0,1,1.7965150514416806,11,1,2,0,0,0,1
15,0,1,0,12.440589585040184,13,1,1,0,1,0,0
18,1,0,2,10.0714014880711,20,0,4,0,0,0,0
16,0,2,2,6.55132587844252,16,0,1,1,1,0,0
17,1,0,2,17.1577837049248,1,0,3,0,0,1,1
17,1,0,0,4.190384486250642,17,0,1,0,0,1,0
16,1,1,4,9.089654659107133,19,0,2,0,1,0,0
16,1,0,2,1.126665555984796,24,1,2,0,0,0,1
15,1,1,1,9.74935670927948,7,1,1,0,1,1,0
16,0,3,1,0.0256885105360282,3,0,4,1,0,0,0
17,1,1,1,8.296952131210915,3,0,1,1,0,0,0
16,1,0,1,9.35516461915159,18,0,3,1,0,0,1
16,1,0,2,0.8440093716259689,27,0,3,1,0,0,0
18,0,1,2,0.8914008142526164,24,0,1,1,0,0,0
16,1,2,1,14.880989024571557,1,0,3,0,0,1,0
15,0,3,3,1.8953694206918792,16,1,2,0,0,0,0
17,0,0,2,2.337575211818781,0,1,3,0,0,0,0
16,0,0,2,14.72559797566843,12,0,3,1,1,0,0
17,1,1,3,10.333285196877489,27,0,2,0,0,0,0
15,0,0,2,0.8976203294543605,11,0,2,0,0,0,0
15,0,0,1,2.518812820950012,10,0,3,0,0,0,0
18,1,3,3,3.403052822890338,14,0,2,0,0,0,0
15,1,0,2,0.2553085303579472,9,0,0,1,0,0,0
18,1,1,1,8.742962100900693,9,0,2,1,0,0,1
15,0,0,3,7.925545249834012,13,0,2,0,1,0,0
15,0,2,1,0.0080308805067974,27,0,1,0,0,1,0
18,1,0,0,8.41793057518452,23,0,2,1,0,0,0
15,1,0,1,17.41935199725085,17,0,3,0,1,0,0
16,1,0,3,19.939810056251023,8,0,1,0,1,0,1
15,1,0,0,18.677175915714788,27,1,4,0,0,0,0
17,1,1,1,11.112343093648056,11,0,3,0,0,0,0
17,1,0,3,19.765242302863737,1,0,1,1,1,0,0
16,1,1,1,17.255415549184512,28,0,3,0,0,1,1
18,1,0,3,2.985360253384945,12,0,2,1,0,0,0
18,0,0,1,6.111529186556515,10,0,2,0,0,0,0
18,0,0,2,11.223004248703488,25,0,2,1,0,0,0
15,0,0,4,6.682728237523468,3,0,2,0,0,1,1
18,1,0,2,13.91355326430678,6,0,3,1,0,0,0
17,1,0,0,7.473005927459684,10,1,2,0,1,0,0
18,1,3,2,18.55582958750631,10,0,3,0,1,0,0
16,1,0,3,17.182607195024666,19,1,1,0,0,0,0
16,1,0,2,12.495907974374504,8,0,2,1,0,0,0
18,1,2,2,8.288596249340731,25,0,2,0,1,0,0
16,0,2,2,5.069875065143807,2,0,0,1,0,1,0
17,0,0,2,11.988610840552434,6,0,1,0,0,0,0
18,0,0,2,2.618625042535549,18,1,4,0,1,0,0
16,1,2,1,14.408321381846855,26,0,0,0,0,0,0
16,0,2,4,13.24743719825507,10,1,2,0,0,0,0
16,0,3,3,7.3016734656880145,27,0,0,0,0,0,0
18,1,2,3,10.968018734838234,3,1,1,0,0,1,0
15,0,0,2,10.597512510364124,4,1,2,0,1,0,0
16,0,0,2,13.075558459123126,6,0,3,0,0,0,0
17,0,2,2,12.021653307864312,25,0,3,1,0,0,0
16,1,2,1,2.010607173836718,25,0,2,1,1,0,0
17,1,2,2,10.251524318484233,14,0,3,1,0,0,0
17,0,2,3,15.015804623595754,11,0,3,0,1,0,1
17,0,2,2,8.241872192650783,7,1,3,0,0,0,0
18,0,2,0,1.0686920478203432,27,0,0,0,1,1,0
17,1,0,0,12.253686893492144,4,0,2,0,0,0,0
15,1,2,2,8.740674508995417,2,0,1,0,0,0,0
17,1,0,2,0.1621639377242645,29,0,2,0,0,0,0
16,0,0,3,9.589099562995314,7,1,3,1,1,1,0
17,0,0,2,12.171431863479484,13,0,4,0,0,0,1
16,0,0,2,8.36766675426543,2,0,4,1,0,0,0
16,1,2,2,4.491647653078021,2,1,3,1,1,0,0
18,1,2,2,19.47384269700397,3,0,2,0,0,0,0
15,0,0,1,12.32448503213906,0,0,1,1,0,0,0
15,1,1,2,3.5931857805982403,23,0,2,1,0,0,1
15,1,0,2,6.92532101575861,24,0,1,0,1,0,1
16,0,0,3,18.867145974197637,21,1,2,1,0,0,0
17,1,1,1,3.443885348515085,13,0,1,1,1,1,0
15,1,0,1,15.426462864337,19,0,3,1,0,1,1
15,0,0,0,6.013112811214882,22,0,3,0,0,0,0
17,0,1,0,13.552223641991883,12,0,3,1,0,0,0
17,1,1,2,13.080461553175208,28,0,1,0,0,1,0
15,0,0,2,9.383549921855431,25,0,2,0,1,0,0
16,0,1,2,12.97068318066685,25,0,3,1,1,1,0
15,0,2,1,10.240467782175187,21,0,2,1,0,0,1
18,1,0,2,1.0455274454441144,16,0,1,1,1,0,0
15,1,3,1,7.807528920939077,13,0,2,0,0,0,0
16,1,3,2,7.394756217453775,28,1,2,0,1,0,0
18,0,0,2,13.142376781225469,27,1,4,0,1,0,0
15,1,0,2,4.214133301498125,6,0,1,1,0,0,0
17,0,1,2,13.546836921630328,22,0,1,0,0,0,0
15,0,2,3,7.895506335433657,23,0,2,1,1,0,1
16,0,0,1,2.5941251598005377,22,0,2,0,0,0,0
15,0,2,1,5.880067771899062,23,0,2,1,1,0,0
15,1,2,0,4.452984704535707,6,0,4,1,0,0,0
18,1,2,1,13.73854833548605,7,0,4,1,0,0,1
16,0,1,1,1.5667643552401334,10,0,3,0,0,0,0
15,0,1,1,3.781553075566977,9,0,2,1,0,0,0
15,1,1,1,12.13024450646438,25,0,3,0,0,1,0
15,0,2,2,11.083625108975976,8,1,0,0,1,0,0
15,0,1,2,4.430543038047341,20,0,2,1,1,0,0
17,0,1,1,10.038711615617212,21,0,3,1,0,0,0
15,1,1,2,2.058922894005724,29,0,4,0,1,0,1
17,1,0,2,19.20023761638251,24,0,3,0,0,0,0
16,0,1,2,7.478774272075492,0,0,3,0,0,0,0
15,1,0,2,14.471614008799618,25,0,1,0,0,0,0
15,0,1,4,15.640036511878828,13,1,2,0,0,0,0
17,0,1,2,11.684495776634362,29,0,1,1,0,0,1
15,1,0,1,16.923877323087467,9,0,2,0,1,0,0
18,0,0,2,13.274687213878767,3,1,1,1,0,0,0
15,0,0,3,11.541066834270886,21,0,3,1,1,0,1
15,1,3,2,6.418708766388807,27,0,2,1,0,1,0
18,1,0,2,13.717525501729291,7,0,1,0,1,0,0
16,0,0,3,12.7031397772787,16,1,1,0,0,0,1
15,0,2,0,7.102635280514327,15,0,2,1,0,0,0
17,1,0,3,11.561500983696632,10,0,0,1,0,0,0
16,1,0,2,17.916242027971574,6,0,3,1,0,1,0
15,0,2,2,17.314544742135872,29,0,4,0,1,0,0
16,0,0,4,8.368989943509161,1,0,0,0,0,0,0
16,1,0,4,2.5462375749345,16,0,2,0,1,1,0
15,0,0,1,14.150456379560856,26,0,3,0,0,0,0
15,0,0,1,1.8976846029514929,2,0,1,1,0,0,0
17,1,1,0,10.830125642449758,8,0,2,0,0,0,0
18,0,0,3,14.287751240745848,6,0,0,1,0,1,0
17,1,0,1,11.22711648378676,24,1,3,0,0,1,0
16,0,0,0,1.0453733512319308,19,1,2,0,0,1,0
15,0,0,3,5.147309168032681,18,0,3,1,0,1,0
17,1,2,2,17.989061691076703,9,1,3,1,1,0,0
17,0,2,4,2.5017781967280706,17,0,3,0,1,0,0
18,1,2,2,10.195141338017429,13,1,3,0,1,0,0
15,1,0,1,0.6242712067749512,2,0,1,1,0,0,0
15,0,3,3,10.29142232535601,4,0,3,1,1,0,1
18,1,0,4,17.253503258914517,22,1,3,1,0,0,0
17,0,1,3,14.19609426544744,3,0,2,1,0,0,0
16,0,3,2,17.7937482514333,24,0,3,1,1,0,1
15,1,2,2,10.488726917154986,13,1,3,0,1,0,1
15,0,0,3,8.070972416273767,29,1,3,1,1,0,0
18,0,0,0,8.094117486583404,8,1,3,0,0,1,0
15,1,3,2,8.093074832971004,29,1,0,0,0,0,0
16,0,0,2,9.766698260086692,0,0,0,0,1,0,0
17,1,2,1,11.59072738299962,15,0,0,0,0,0,1
16,1,2,2,13.27408957852512,27,1,1,0,1,0,0
15,0,0,1,10.50720963638996,20,0,2,0,0,0,0
18,0,1,1,17.948381001563472,6,0,2,0,0,1,1
16,1,3,1,16.25856810787874,24,1,2,1,0,0,0
17,0,2,1,2.1102729280240218,3,0,3,0,0,0,0
17,1,2,0,14.158956534023782,21,1,2,0,1,0,0
17,1,0,3,12.9972784340515,11,0,3,0,0,0,0
18,1,0,1,18.968503110829857,2,0,2,0,0,0,0
18,0,1,4,13.189801162491683,24,1,2,0,1,1,0
16,0,1,1,1.130313815935147,11,0,4,0,0,1,0
17,1,1,1,10.207854426974132,2,0,3,1,1,0,0
17,0,1,2,15.07875368882848,24,0,4,0,0,1,0
17,0,1,2,12.101425068754876,21,0,4,0,1,0,0
16,0,3,2,6.845311855794924,13,0,0,0,0,1,0
18,1,2,2,17.637096016413658,10,0,1,1,0,1,0
18,0,0,2,12.981612040377687,4,1,2,1,0,0,0
18,1,0,2,0.3128659061486827,19,0,3,0,0,0,0
16,0,2,2,10.626615853463514,23,0,0,1,0,0,0
18,1,0,2,8.71178316025418,2,0,1,0,0,0,0
15,0,1,1,2.7186549473464128,5,0,2,0,0,1,0
18,0,0,1,5.344197909721482,26,1,1,0,0,0,0
15,0,3,2,1.8892485160217376,2,0,0,0,1,0,0
15,1,2,2,15.108745450311623,15,0,2,0,0,0,0
15,1,1,0,8.98296405464425,16,0,1,0,0,0,0
16,1,0,2,6.587070484999094,27,1,3,1,0,0,1
17,1,0,3,16.12193495921495,29,0,2,0,1,1,0
18,0,0,3,10.767683737928664,4,0,3,1,1,1,0
15,0,3,2,7.251664251893541,18,0,0,1,0,1,1
18,1,2,1,3.8958760528785352,8,0,2,0,1,0,0
16,1,0,4,10.157948320067618,22,0,1,1,0,0,0
18,0,0,2,12.749976058683265,8,1,0,1,1,0,0
16,0,0,1,10.697455115175105,24,0,2,1,0,0,1
17,0,0,2,16.085223087569002,13,0,3,1,0,1,0
17,1,1,3,10.116184451846594,12,0,3,0,0,0,0
16,0,0,3,8.052228766803253,24,0,1,1,1,1,0
18,0,1,2,17.693499699066997,2,1,3,0,1,0,1
15,1,1,3,4.429870977192801,5,1,3,1,1,0,1
16,0,0,2,13.812306247732726,13,0,1,0,0,1,0
16,1,2,2,6.587561340684354,27,0,3,1,0,0,0
15,0,3,3,3.3719809686807367,7,0,3,1,1,0,0
16,0,0,1,19.71048266510436,13,1,2,0,0,0,0
16,1,2,1,3.294680177754481,20,0,2,1,0,0,0
15,1,0,1,16.74438285917397,8,0,2,0,0,0,0
17,0,0,2,0.241398706012359,27,0,1,1,1,1,0
15,0,0,0,17.608438057472096,26,0,4,0,0,0,0
18,1,2,2,3.009909961451711,23,1,1,1,1,0,0
15,0,3,2,10.89062585809016,9,0,2,1,0,0,0
15,0,0,0,7.762661620044986,9,0,0,0,1,0,0
18,0,1,1,13.098822091346433,14,1,4,1,0,1,0
15,1,0,2,4.304876410019074,2,0,2,1,0,0,0
17,1,1,2,5.036294040182634,12,0,3,0,0,0,0
15,0,1,1,11.06855401574136,14,0,3,0,0,0,0
18,1,0,3,0.3606401965046002,19,1,1,0,0,0,0
16,0,0,3,18.179617838297283,27,0,4,0,0,0,0
17,0,0,3,19.11837599924088,26,0,3,0,1,1,0
17,1,3,2,3.074986242058362,2,0,2,1,0,0,0
18,0,2,3,1.4902092363728014,15,0,2,1,0,1,0
17,0,2,3,19.55986847476469,19,1,2,0,0,0,0
16,0,1,2,9.6254790365521,14,0,3,0,0,0,0
15,0,0,3,16.027430709272735,0,0,3,1,0,0,0
17,1,2,2,12.95674077216453,17,0,3,0,1,0,0
15,1,1,3,14.054765985791738,27,0,2,0,1,0,0
18,1,0,3,15.958863785066,16,0,0,1,0,0,1
18,0,3,2,10.050952134440465,29,0,3,0,1,1,0
15,0,2,3,1.9011307366512888,7,0,2,0,0,0,0
16,0,1,1,18.111642751462643,6,1,3,1,0,0,0
15,0,0,2,2.8173720790172263,6,1,0,0,1,0,0
18,1,0,1,7.914896596947088,8,0,1,1,0,0,1
15,0,0,0,7.2664895113802,4,0,1,0,0,0,0
17,1,0,2,19.36145005819357,14,1,1,0,0,0,0
16,1,0,2,10.976835111869477,1,0,0,0,0,0,0
18,1,2,2,4.224165171759033,19,0,3,0,1,1,0
16,0,2,2,0.2134025401232553,23,1,2,0,1,0,0
18,1,2,2,0.8776217673748721,25,0,2,0,0,0,0
15,1,0,2,9.126518476447972,26,0,1,1,0,1,0
17,0,0,1,9.3571892526832,12,1,1,1,0,0,0
15,1,2,0,0.4500865485737293,25,0,1,1,0,0,0
15,0,3,2,11.789416061864936,5,0,4,1,0,1,0
15,1,0,4,8.09821628539688,10,0,1,1,0,0,0
15,1,0,3,18.271560228053897,5,0,3,0,0,1,1
15,1,0,0,13.258125046891315,15,0,2,0,0,0,0
16,1,0,0,4.009380955327179,18,1,1,1,0,0,0
15,0,2,2,2.119118226880954,13,1,3,1,0,0,0
17,1,3,3,6.31307253964648,9,0,2,0,0,0,1
16,1,0,2,11.14849489340284,15,0,3,0,0,0,0
18,0,0,0,4.401325095693835,2,1,2,0,0,1,1
16,1,1,1,17.613011549291556,10,1,2,1,0,0,0
18,1,0,2,3.8257831339302872,13,0,3,0,0,0,0
18,0,1,2,12.30429793193828,9,0,3,0,0,0,0
17,1,2,2,12.888463392596332,17,0,2,0,1,0,0
18,1,0,1,1.3798001742091892,22,0,2,0,0,0,1
15,0,1,2,14.507792033236653,3,0,1,1,1,0,0
15,0,0,3,4.933768594879946,6,0,1,1,0,0,0
15,0,0,3,9.959526051747863,27,1,3,0,0,0,1
15,0,0,1,6.75421549448449,4,1,1,0,0,1,1
15,0,0,1,8.680977369563614,8,0,2,0,1,0,0
17,1,3,2,15.739515987624015,9,0,4,1,0,1,0
16,0,2,2,13.183110892002688,21,0,3,0,1,0,0
15,1,2,2,0.9859932481833988,28,1,2,1,0,1,0
17,0,1,1,5.371142812412821,8,0,1,0,0,0,0
16,1,3,1,13.59103673145368,3,1,2,0,1,0,1
18,0,1,1,14.175312646913092,1,0,3,0,0,0,1
15,1,2,2,8.22821863520931,12,0,3,0,0,0,1
17,0,0,2,12.085190319738505,29,0,4,1,0,0,1
15,0,0,1,0.3591572750030192,21,0,0,0,1,0,1
15,0,0,2,6.890117867881265,11,0,3,1,0,0,0
15,0,1,1,15.601680474699297,10,0,3,0,1,0,0
18,0,1,1,2.1584910992998774,29,1,3,1,1,1,1
18,0,1,2,10.883602318839072,14,0,0,1,1,0,0
18,0,1,0,9.36922474174173,6,0,2,0,0,0,1
18,1,0,2,12.475443813017058,1,1,2,1,0,1,0
17,1,0,2,3.549636699820236,5,0,4,0,0,0,0
16,1,0,2,10.710438321719272,12,1,2,0,0,0,0
17,1,2,2,0.5667490076676929,11,0,3,1,0,0,0
15,1,0,1,8.489856653530703,25,1,4,1,0,0,0
16,1,0,4,3.115032457310596,19,0,3,0,1,0,0
18,1,0,4,13.904593114954713,12,0,1,0,0,0,1
16,0,3,2,6.660152661044885,22,0,1,0,0,0,0
15,1,2,2,6.726254550099111,27,0,1,0,0,0,0
18,0,0,2,14.405358478947912,26,1,1,1,0,0,1
18,1,0,0,19.96842467847548,24,0,1,0,0,0,0
18,1,1,1,7.886822927013286,26,0,0,0,0,0,0
15,0,2,3,0.3776175715246932,23,0,2,0,0,0,1
17,1,0,3,15.2140961208779,20,0,0,0,0,0,1
17,1,0,2,8.157698537007178,11,0,2,0,1,0,1
15,1,0,4,16.732404207353163,20,1,4,0,1,1,0
18,0,0,0,3.1707231699984706,10,1,2,0,0,1,0
17,0,1,2,10.546217912847863,18,0,1,0,0,1,0
15,0,0,1,18.449977926050064,5,0,0,1,1,0,1
16,0,0,2,14.71907121030356,13,1,4,1,0,0,0
18,1,0,0,3.5282382085577235,16,1,2,0,0,0,0
17,1,2,2,5.902177203685706,27,1,2,1,1,1,0
15,1,0,1,15.854068115615028,6,0,4,1,0,1,0
17,0,0,1,10.41041067283029,21,0,2,0,0,0,1
15,0,1,1,6.192636200056915,7,0,2,1,0,0,0
18,0,1,3,18.860414192914725,21,1,1,0,1,1,0
15,0,0,0,15.508190291849893,7,1,3,0,1,0,0
17,1,2,3,3.808269920498204,23,0,3,0,0,0,0
15,0,1,0,9.297095616265414,1,0,1,1,0,0,0
18,1,2,4,18.40393972148548,26,0,1,0,0,1,0
15,1,1,2,19.62058978230152,21,0,3,0,1,0,0
18,1,0,1,18.080699729091187,19,0,2,0,0,0,1
17,0,3,2,11.987271034765312,1,0,2,0,0,0,0
17,0,0,2,18.31886007908105,18,0,2,1,0,0,0
15,0,0,0,18.97409836478361,16,0,4,1,1,0,0
16,0,3,4,16.657871897744588,18,0,3,0,0,0,0
15,1,3,2,18.87130434313954,1,0,2,0,0,0,0
17,0,1,1,9.04646955268592,20,1,3,0,0,0,0
18,0,0,1,0.2999700075427336,27,1,3,0,0,0,0
17,0,0,1,2.5499945334397145,4,0,2,0,1,0,0
18,1,2,1,4.741407823483561,6,0,1,0,0,1,0
18,0,2,2,10.646205267598212,14,0,2,0,0,0,0
18,1,0,2,8.858281960839271,0,1,4,1,0,0,0
17,1,0,0,6.391788525199966,6,1,2,1,0,1,0
18,0,1,2,19.728280369657774,6,1,1,0,1,1,0
15,0,3,3,11.627331144091498,27,1,2,1,0,0,0
16,1,1,2,18.19110856874405,25,0,1,0,0,1,0
17,1,3,3,18.580417714336026,16,1,2,1,0,0,0
15,0,0,2,19.698582168829837,5,1,3,0,0,0,0
18,1,1,2,15.938950080312916,13,0,1,1,0,0,0
15,0,1,3,6.955401952088756,12,0,3,1,1,0,0
16,1,3,3,9.406480958744128,16,0,1,1,0,0,1
18,0,3,2,4.402584883950533,20,0,3,0,0,0,0
17,0,0,3,1.762531390011155,12,1,2,0,1,0,0
17,0,0,2,11.31726147119239,29,0,4,0,1,0,0
17,1,1,1,14.712853200227304,28,0,3,0,0,0,0
15,0,0,1,16.904511163214796,9,0,2,1,1,0,0
17,0,1,0,4.958648996116144,13,0,1,1,0,0,0
15,1,2,1,7.156823172830665,27,0,4,1,1,0,1
15,0,2,0,10.596677779241404,12,0,1,0,0,0,1
16,0,0,0,17.243059165862434,12,0,2,1,0,0,0
16,1,3,1,15.255981057516108,23,0,2,0,0,0,1
17,0,1,2,6.694706531585581,13,0,3,0,0,0,0
18,1,0,2,18.719883580035557,18,0,3,0,0,0,0
16,0,3,2,17.381981374494572,27,0,2,1,0,0,0
18,0,0,1,8.847874814963872,25,0,2,0,1,0,0
17,1,1,0,10.168119532892542,15,0,3,0,0,1,0
15,1,0,2,16.263642945689224,19,1,3,1,0,1,0
18,0,3,3,10.74987507346469,9,0,4,0,0,0,1
17,0,2,2,3.1447133018846696,23,0,4,0,1,0,1
18,0,0,1,14.887364086079812,1,0,3,0,0,1,0
16,1,2,1,19.018827037316687,1,0,0,0,0,0,0
16,0,2,2,4.517628258671518,5,0,4,1,0,0,0
15,0,0,0,18.42915472433061,19,0,2,0,1,1,0
18,0,0,2,9.300706494613456,28,1,3,0,0,0,0
16,1,0,2,14.96750498856365,5,0,3,0,0,0,0
15,1,3,1,9.381206804423073,18,0,3,0,0,1,0
18,1,0,2,12.120276638721624,20,1,2,0,1,0,0
18,0,0,2,10.229350800852348,21,0,3,1,0,1,0
16,1,0,2,3.425468213324792,12,1,1,1,1,1,0
17,0,1,1,14.323290763552222,20,0,3,1,0,0,1
15,0,0,1,9.943076317657432,26,1,0,0,1,1,0
18,0,0,2,11.717042448663369,19,1,2,0,0,0,0
17,1,0,2,13.661391503802482,24,0,1,0,0,0,0
16,0,1,2,10.437245906643575,19,1,1,1,1,1,0
17,0,2,1,3.8403250193589766,24,0,1,0,1,0,0
15,1,1,3,14.806260616879028,20,0,4,0,0,0,0
15,1,3,1,1.6774747710402416,23,0,2,1,0,0,0
16,0,0,3,11.75406456682953,4,1,2,0,0,0,0
18,1,0,1,9.213699469642677,25,1,1,1,0,0,0
15,0,0,2,9.415699940254145,25,0,2,1,0,0,1
15,1,2,2,11.17681741909333,2,0,2,0,1,0,0
17,1,0,3,19.77751424275087,2,0,2,0,1,0,1
16,1,0,1,17.053323062034412,21,1,2,0,0,0,0
16,0,0,1,3.928826304455717,12,0,1,0,0,0,0
17,1,0,2,6.267388128607159,12,1,2,0,0,0,1
15,1,1,0,14.389199353399436,3,1,1,0,0,0,0
15,0,2,2,14.666558174337244,27,1,2,1,0,0,0
18,1,1,1,0.8101834588264367,3,0,3,0,1,1,0
18,0,0,3,10.845999512421582,23,0,3,0,0,1,0
16,0,1,2,15.215186167739,6,1,4,1,1,0,0
15,0,2,2,17.75503049343376,10,1,1,0,1,0,0
15,1,0,1,19.840319387936717,10,1,3,0,1,1,1
16,1,0,2,4.561236338000398,16,0,2,1,0,0,1
16,0,0,2,16.061512846754898,15,0,1,1,1,0,0
17,0,1,1,8.476163703471485,14,1,2,0,0,0,0
15,1,0,3,7.019512478521827,9,0,1,1,0,0,1
16,1,0,1,13.399069817184362,20,1,1,1,0,1,1
18,1,2,2,14.4884468053863,20,0,3,0,0,0,1
18,1,0,2,4.2835250547917365,3,0,3,0,1,1,0
15,0,0,2,4.62697426400301,14,0,3,0,0,0,1
18,1,2,2,4.830124537121225,17,0,3,1,0,0,0
18,0,2,2,4.919994806135904,7,1,2,1,1,0,0
17,1,2,2,11.286021293396605,16,0,1,1,0,1,0
16,1,3,3,16.202801814909225,0,0,3,1,0,0,0
17,1,1,2,6.124784904568008,0,0,1,1,0,0,1
18,1,1,3,2.927461331779355,21,0,2,0,0,0,0
18,0,1,1,18.1064365675218,1,0,2,0,0,1,1
17,0,3,2,15.209292125521332,1,0,3,1,0,0,1
15,1,3,3,2.764641735706743,13,0,3,1,0,0,0
17,0,0,2,0.9831704724285516,6,1,1,0,0,0,0
17,0,0,1,5.24225944033593,15,1,2,1,0,0,0
16,0,0,3,3.290507447856248,12,0,1,1,0,1,0
17,0,0,1,9.657888731971973,16,0,2,1,1,0,0
16,0,0,2,14.198661468684923,23,1,1,0,0,0,0
18,1,0,0,7.096914468613164,11,0,3,0,0,0,0
15,1,2,2,11.963648910840048,9,0,2,0,0,0,0
18,1,2,2,7.801321314952565,7,0,2,0,0,1,0
16,0,0,2,4.0227308518075455,19,1,1,1,0,0,0
16,1,2,3,10.674508273428888,18,0,2,1,0,1,0
15,1,1,1,8.577748627004212,27,0,2,0,1,1,1
18,0,0,1,5.540508977392486,11,0,2,0,0,1,0
15,1,2,1,15.408235741372875,20,1,3,0,0,0,0
15,0,0,2,16.78816075218544,15,0,1,0,0,0,0
18,0,1,2,9.404981706575086,15,0,3,0,0,0,0
16,1,2,1,5.609264484093048,12,0,4,0,0,0,0
17,0,2,2,9.924389589798489,28,1,4,0,0,0,0
18,0,2,3,15.272209592283172,18,0,2,0,0,0,0
18,0,2,2,1.49491807272631,10,1,4,0,0,1,0
17,1,0,3,10.114845967108888,12,0,4,1,0,1,0
16,1,0,3,2.075494172694814,17,0,3,0,0,0,0
15,1,2,4,16.50616804845965,25,0,0,1,0,1,1
17,0,0,1,6.212019427906592,14,0,2,1,1,1,0
17,0,2,3,3.165661013987473,27,1,3,1,0,0,0
18,1,2,1,1.7182077640564095,2,0,2,0,1,0,0
18,0,1,1,16.28417534109326,4,0,3,1,0,0,0
18,0,1,2,7.6991744527511425,16,0,2,0,0,1,0
17,1,1,2,4.074347865553332,17,0,3,1,0,0,0
15,0,3,1,0.1069797738844569,5,0,1,1,0,0,0
15,0,2,2,5.650817273248872,23,0,1,0,0,0,0
18,0,0,2,4.548434574470585,15,0,2,1,0,0,0
18,1,3,4,18.94613798473924,20,0,2,1,0,0,0
15,1,0,3,17.246698328794633,14,0,3,0,0,1,0
16,1,0,2,11.778720451250956,20,1,3,0,0,0,0
17,1,0,1,13.54607918596282,2,1,3,1,1,0,0
16,1,2,1,6.373945145707946,26,1,3,0,1,0,0
18,1,0,3,15.90145762362328,13,0,2,1,0,0,0
16,0,0,2,17.684903478579084,4,0,3,1,0,0,0
16,0,3,2,17.06345957293445,22,0,3,0,0,0,0
17,1,2,1,10.343007245677544,13,0,2,0,0,1,1
18,0,3,4,8.32434062064629,17,0,3,0,0,0,0
17,0,0,1,14.294046327645152,7,0,2,0,0,0,0
17,0,0,0,17.87069166996874,25,0,3,0,0,0,0
16,1,0,2,2.1383972875964274,8,0,1,1,1,0,0
16,1,1,2,19.598288655647607,15,0,2,1,0,0,0
18,1,0,0,13.782867139606754,9,0,2,1,0,0,0
15,0,1,2,12.809665862844245,1,0,2,0,1,0,0
17,1,1,2,1.3281070692099473,7,0,3,1,0,0,0
17,0,0,1,1.7543528343992865,24,0,2,0,0,0,0
17,0,0,4,6.954756711186311,24,1,2,0,0,1,0
16,0,0,0,13.375065088996276,4,0,2,0,0,0,0
17,1,0,2,5.778740333151653,16,1,0,0,0,0,1
17,1,0,2,12.740951070072551,14,0,1,0,0,0,0
17,1,3,2,13.790684178108304,13,0,3,1,0,0,0
15,0,0,1,15.097450578171212,25,1,2,1,0,0,0
18,1,1,1,9.219391844250794,6,1,3,0,0,1,0
16,0,3,3,1.7119910564553664,4,0,3,0,0,0,0
16,1,2,4,11.815074427061296,19,0,2,1,0,1,0
17,0,0,2,12.056150645335189,24,0,2,0,0,0,1
17,0,1,2,3.5134459593716905,26,0,3,0,0,0,1
17,1,0,1,12.894399547636352,27,0,3,0,1,0,0
17,1,0,1,2.9972559777310326,28,0,3,1,1,0,0
17,1,2,3,3.287853686568283,10,0,2,1,0,1,0
16,1,0,1,8.121642651195419,5,0,2,0,0,0,0
18,1,0,0,0.7539478084534124,20,0,1,1,1,0,0
16,1,2,2,5.35548629208235,20,0,2,0,1,0,0
16,1,2,1,1.1276370770646316,21,0,2,0,0,0,0
17,0,0,1,3.093696963697224,15,0,3,0,0,0,0
17,1,1,3,11.369444043136392,8,1,0,0,0,0,1
15,1,1,2,6.82095745661247,7,0,1,1,1,0,0
15,1,2,3,10.823761117140489,7,0,2,0,0,0,0
16,0,1,1,10.981664451374458,16,0,0,0,0,0,0
17,0,3,2,19.92025566764497,12,1,3,0,0,0,0
16,1,3,3,4.006796421928847,28,1,2,0,0,0,0
15,0,0,2,8.057800621000972,7,0,2,0,1,0,0
15,1,0,1,1.7926354660923582,5,0,1,1,0,1,0
18,0,0,2,15.780812084040942,18,0,4,1,0,0,0
17,1,1,2,4.637192277656967,25,0,4,1,0,1,0
15,0,0,0,4.225258338763929,15,1,3,0,0,0,0
15,1,0,2,6.838689871494532,28,0,1,1,0,0,0
18,1,0,0,12.113984809197513,21,0,2,0,1,0,0
17,0,0,1,10.835206398820308,9,0,2,0,0,1,0
17,0,2,1,8.487780361450207,0,0,3,0,0,0,0
18,0,0,2,18.64267830796566,22,0,3,1,0,0,0
17,1,1,2,17.507264798015214,9,1,4,1,1,0,0
17,0,0,2,19.228351556931468,7,0,2,0,0,1,1
16,0,0,2,10.779617489002412,1,0,3,1,0,1,0
17,1,1,1,18.018154605339813,12,0,2,0,0,0,0
17,0,0,4,7.545039714313908,18,1,4,1,0,1,0
17,1,2,1,18.11698779998612,6,0,2,1,0,0,0
15,0,3,1,17.442121274931623,1,1,1,1,1,0,0
16,0,3,2,4.461800368907117,18,1,3,1,1,0,0
18,0,0,3,7.560621244663903,12,0,0,0,0,0,0
15,1,0,1,14.67840740575401,14,1,3,0,0,0,0
17,1,1,1,0.5799348867189602,12,0,1,0,0,0,0
17,0,0,2,16.388557073407302,3,1,4,0,0,0,0
15,0,1,1,16.051214963032557,13,0,3,0,1,0,0
18,1,0,2,16.06609147036067,18,1,1,1,0,1,0
17,1,0,2,17.42543701900234,29,0,2,0,0,0,0
16,1,0,1,9.25238543867459,21,1,3,0,0,0,0
16,0,0,2,13.219476412993515,12,0,1,1,0,0,0
17,1,0,1,10.254997995878592,11,1,3,0,0,0,0
18,1,0,2,18.67230755670188,4,1,3,1,1,0,1
18,1,0,4,5.0944100091509785,6,1,3,0,0,0,0
15,1,0,2,9.41524784775206,5,1,1,0,0,0,0
18,1,0,2,12.761854515929048,9,1,3,0,0,1,0
15,0,2,1,14.321261068391165,25,1,3,0,0,0,0
18,0,3,2,1.5216945353101452,7,0,3,0,0,0,0
17,0,2,2,9.435126187817486,14,0,2,1,0,0,0
17,0,1,2,3.569013481967496,26,0,3,1,1,0,1
16,0,0,3,11.089782286423414,3,0,2,0,0,0,0
18,1,0,1,4.257001720767148,29,1,3,1,1,0,0
17,1,2,2,17.222270401228513,11,0,3,0,0,1,0
15,1,2,3,1.7249834260792984,19,0,0,0,1,0,0
16,1,1,3,18.880825565618547,11,1,2,1,0,0,0
16,1,2,0,0.514848194944324,15,1,2,0,0,1,0
17,0,1,1,6.296823108174707,6,0,3,1,0,0,0
15,1,0,2,14.934866155963196,5,0,3,0,0,1,0
18,0,0,0,2.25008266476183,21,0,0,0,0,0,0
15,0,3,2,14.140623386457689,4,0,0,0,0,0,0
15,0,1,2,17.42667184680565,13,1,2,0,0,0,0
18,0,0,1,0.1850504487180471,26,0,4,0,0,0,0
18,0,2,2,18.63888279308744,20,0,2,1,1,0,0
18,0,0,0,7.35694362285602,22,1,4,0,0,0,0
15,0,1,2,5.712531993671542,25,1,3,1,0,0,0
16,1,0,2,6.8054996446806175,20,0,2,0,0,0,1
16,1,0,1,18.4444663630972,0,0,3,1,0,0,0
15,0,2,1,11.256604744292058,20,0,3,0,1,1,0
15,1,1,1,3.997459492988873,6,0,1,0,0,1,0
17,1,2,2,15.059723860783702,3,0,1,0,0,0,0
15,0,2,1,6.1082699708550265,24,1,3,1,0,1,0
17,1,0,1,9.809088170395697,1,0,2,0,0,0,0
18,1,0,3,0.6687597112219534,8,0,2,0,0,0,1
17,1,2,2,9.612960566248178,10,0,1,0,0,0,0
18,1,1,2,9.106574996172045,4,0,3,0,1,0,0
15,0,1,1,2.2448214398317723,8,0,4,1,0,0,0
17,0,1,2,14.775560578371952,26,0,3,1,0,1,0
17,1,0,3,10.028829473958217,14,0,3,1,0,0,0
18,1,0,1,7.555936478188229,22,1,0,0,0,0,0
18,0,0,2,13.275832478828882,6,0,3,0,0,0,0
18,1,2,0,5.188983421361526,2,1,3,0,0,0,0
15,1,0,1,4.090086773855917,20,1,3,0,0,0,0
15,0,2,2,14.40867404451556,5,0,3,1,0,0,0
15,0,0,3,9.144608392390888,11,0,1,1,0,0,0
16,1,1,0,18.648879567547016,29,1,1,0,0,0,0
18,1,0,1,15.839220289334314,7,0,1,0,1,0,0
16,0,1,1,14.64601541216362,7,0,3,1,0,0,0
18,1,2,1,11.863119910542686,9,0,3,1,0,0,0
17,1,0,3,0.8466898503660669,26,0,2,1,0,0,1
17,0,2,3,15.048049074389343,25,0,2,0,0,0,0
18,1,0,2,5.669222985281584,24,1,1,0,0,1,0
15,0,0,2,16.43155383521676,6,0,3,0,1,0,0
17,1,0,3,16.567562912032926,2,1,2,1,0,0,0
18,0,3,1,3.829792298162389,26,0,1,0,0,0,1
18,1,2,2,19.229993584742942,14,0,4,0,0,0,0
17,1,2,1,8.033062515287606,25,1,2,1,0,1,0
16,1,0,1,19.97809399526153,17,0,3,0,0,0,0
15,1,1,1,14.407464254644058,7,0,0,1,1,0,0
16,0,0,1,14.389404626267623,19,0,4,1,1,0,0
16,0,0,1,16.8492821367115,18,1,1,0,1,1,0
16,1,2,0,9.926455425687577,4,0,4,0,1,0,1
15,0,0,2,6.615859828553113,10,0,4,1,0,0,0
17,0,0,1,19.55425625651,20,1,3,0,1,0,0
16,0,2,1,16.20606598246665,0,1,3,1,0,0,0
15,1,1,2,3.967450796954026,28,0,2,1,1,0,0
18,0,0,4,2.3951993286439444,23,0,3,0,1,0,0
18,1,1,3,18.079061303797783,18,1,1,1,1,0,0
17,1,2,3,14.329525252843338,2,1,2,1,0,0,1
15,1,3,4,6.45802137155802,17,1,3,0,1,0,0
16,1,0,1,6.414243299685878,4,0,1,1,1,0,0
15,1,2,1,13.739048827708766,15,0,4,1,1,0,0
16,1,0,3,2.5331174569438786,29,0,0,0,1,0,0
15,1,1,2,4.322716246218414,3,1,2,0,0,1,0
16,1,1,1,1.2308606826967372,11,0,2,1,0,1,0
17,1,1,1,0.7122430054568296,24,1,2,1,0,0,0
18,1,0,0,13.26295658799645,15,0,3,1,0,0,0
15,0,0,2,4.061411858401243,26,1,2,0,0,0,0
17,1,0,3,14.714359735562198,22,0,2,1,0,1,0
16,0,0,2,1.8039140040048876,22,0,3,1,1,0,0
18,1,2,2,9.784324973761812,15,0,1,0,0,0,1
18,0,1,3,1.446967676721147,6,0,3,1,1,0,0
16,1,2,1,0.6004045143467263,26,0,4,1,1,1,0
16,0,0,1,13.964309069889456,22,1,4,0,0,1,0
18,0,3,3,8.760673133952936,13,0,3,1,1,1,0
15,0,0,1,3.533646283526104,24,0,3,1,0,0,1
16,0,2,2,11.628497897381742,23,1,0,1,0,0,1
15,0,0,4,1.9225170346430296,7,0,1,1,1,0,0
18,0,0,3,4.750322411881203,16,0,3,0,0,0,0
18,1,0,3,8.970850987369188,24,1,1,0,1,0,0
16,0,2,2,9.388697243080877,18,0,1,0,1,0,0
15,1,0,2,5.14237007997389,19,0,2,0,0,1,0
17,0,2,2,8.047410790827488,8,0,4,1,1,0,0
15,0,0,2,19.411466652547208,5,0,2,0,0,0,1
17,1,1,3,10.298589907849657,11,1,0,1,0,0,0
18,0,2,0,12.635496873055107,0,1,2,0,0,0,0
16,1,2,0,4.720158606474241,16,1,3,1,0,1,0
18,0,0,1,13.97271178863912,25,0,3,1,0,0,0
15,0,1,2,16.600653672561492,20,1,2,0,1,0,0
15,0,0,2,14.94449290177174,13,0,1,0,1,0,0
15,0,2,1,10.18226770375044,21,1,1,0,1,0,0
17,1,0,2,17.985006139631295,9,1,1,1,0,0,1
16,0,0,3,6.095218255946515,2,1,2,0,1,0,0
18,0,0,3,5.264923496610887,19,0,3,1,0,0,0
15,1,0,1,11.753889390626243,20,0,4,0,0,1,0
16,0,0,1,19.784333668411723,24,1,1,0,1,0,0
17,0,0,2,8.03903849230439,12,0,2,0,1,1,0
16,0,2,2,14.101265684107585,12,1,1,1,0,0,0
15,0,1,1,3.75807177596833,12,0,3,1,1,0,0
17,0,2,2,17.224644545207717,13,0,2,1,1,0,0
18,0,0,2,16.303604639397783,24,0,1,0,1,0,1
15,1,2,2,2.4192132447698467,21,0,2,0,0,0,0
18,1,0,0,0.1907790805108988,1,1,1,1,1,0,0
16,1,0,2,19.972346383287693,18,0,2,1,0,0,0
15,1,0,2,14.372074813803913,23,0,4,1,1,0,0
16,1,0,1,7.42926678668943,15,1,3,1,0,0,0
18,1,0,2,8.483701114919524,14,0,0,0,1,0,0
16,1,0,1,1.3120152989005909,24,0,0,1,0,0,0
18,0,0,3,12.099000262954084,19,0,1,1,0,1,0
18,1,0,3,10.680554607694354,2,0,4,1,0,0,0
18,1,1,1,8.055710680929899,18,0,1,0,0,0,0
16,0,0,1,8.824593381834337,17,0,3,0,0,0,0
17,0,3,2,4.200946745841392,12,0,3,1,0,0,0
17,1,1,0,7.069549502567575,9,0,3,1,0,0,0
18,1,2,1,3.7726449284814967,7,0,2,1,1,0,1
15,1,1,3,13.906378992487692,8,0,0,1,0,1,0
15,1,0,3,10.32495646400121,24,0,2,1,0,0,0
15,1,2,2,15.532136795927812,29,0,1,0,1,0,0
15,1,2,0,3.232753875691836,13,0,2,0,1,0,0
17,0,0,2,14.082087215432736,1,1,4,0,1,0,0
17,0,0,2,0.9336963979854752,8,1,3,1,0,0,1
18,0,0,2,2.351144982418732,8,0,1,1,1,0,0
16,0,0,3,18.168750957445297,15,0,3,0,1,0,0
15,1,0,3,6.659004939247466,3,0,0,1,1,0,0
18,1,0,0,6.656367221833439,12,0,4,0,0,0,0
15,0,0,2,18.276290452498884,12,1,1,0,0,0,0
18,0,0,3,2.652079814936221,20,0,1,0,0,0,1
15,1,0,4,6.065620521308905,9,0,3,0,1,0,0
15,0,2,1,11.540408033811168,29,0,3,0,0,0,0
15,1,2,2,8.315496019793029,20,0,2,1,0,0,0
15,1,1,2,9.830284516636532,23,0,1,1,0,0,0
17,0,0,1,1.591762947440849,5,0,3,0,0,0,0
16,0,0,1,8.866406415453973,4,1,2,1,0,0,0
15,1,2,2,13.74929608099456,25,0,0,0,1,0,1
15,0,0,2,3.787217515837256,2,0,3,0,0,0,0
16,0,2,2,3.278634419064055,4,1,4,1,0,0,0
18,1,0,0,11.872210888928286,9,0,3,1,0,0,0
15,0,0,2,10.40165366433168,9,0,1,0,0,0,1
18,1,0,2,9.01073078134152,23,0,1,0,0,0,0
15,0,0,2,2.54816143390858,19,0,4,0,0,1,1
18,0,0,4,6.064390934371824,24,0,0,1,1,0,0
17,0,1,2,10.022394016506963,24,1,2,0,0,0,0
18,0,1,2,1.6929750716925795,25,0,3,0,0,0,0
15,1,0,0,3.761171329581512,13,0,2,0,0,0,0
17,0,3,1,10.889226642983372,25,1,2,1,0,1,0
18,1,1,2,9.844323665749338,19,0,2,0,0,1,1
18,1,0,2,10.847731203808774,5,0,4,0,0,0,0
15,0,0,2,3.4957343009031594,12,1,4,0,0,0,0
15,1,1,2,10.352778713788693,15,1,1,1,0,0,0
15,0,3,0,15.265703804063184,7,0,1,0,0,0,0
15,0,0,1,5.7251807076636645,1,0,3,1,0,0,0
17,1,1,2,6.345104328994,7,1,2,0,0,1,1
15,0,0,3,12.312487933662531,5,0,2,0,0,1,0
15,1,0,2,17.18869165667102,4,0,2,0,1,0,0
15,1,1,0,2.739332690884717,20,0,2,0,0,0,0
18,0,3,0,4.970714878541857,6,0,4,0,0,0,0
18,0,2,1,8.143474771977505,5,1,1,1,0,0,1
17,1,0,1,6.793212409628855,13,0,0,0,1,1,1
18,1,3,1,2.962015972542549,18,0,2,0,0,0,0
16,1,3,2,2.4692714746147204,19,0,1,0,0,0,1
16,0,1,4,6.511622650380229,6,1,2,0,1,1,0
16,1,3,1,0.0082057887834974,26,0,2,1,0,0,0
15,1,0,1,3.368811022638305,2,0,2,1,0,0,0
15,1,0,1,8.790155608951036,14,0,3,0,0,0,0
16,1,2,2,11.736408901471274,18,1,4,0,0,0,0
17,0,2,3,17.08691965565431,25,1,2,0,0,0,0
18,0,2,0,15.716169684887,9,1,2,0,1,0,0
16,0,3,1,3.976570605729599,6,0,4,0,0,0,0
15,1,0,3,0.767231095759493,29,0,0,0,0,0,0
17,1,1,3,18.803596694584822,29,0,3,1,0,0,0
18,1,0,0,19.011840261518767,7,0,2,0,0,0,0
15,1,0,1,16.931086449308058,26,1,3,1,1,0,0
16,1,0,3,6.325846974512488,18,1,0,0,0,1,0
16,1,0,1,2.5227157259153032,10,0,3,1,0,0,0
16,1,0,1,18.738985078173908,12,1,2,0,1,0,0
15,0,0,3,5.136631491341173,22,1,2,0,0,0,1
15,1,0,1,16.414716816314606,12,0,3,1,1,0,0
17,1,0,2,13.178855878694854,4,1,2,0,0,0,0
18,1,2,4,0.9483127228016984,16,1,3,0,1,1,0
15,1,0,2,18.807940678910885,9,0,3,1,1,0,1
15,0,2,2,7.272228983801277,12,1,0,0,0,0,0
16,0,1,1,2.530906223927545,29,0,2,0,0,0,0
17,1,0,2,4.185755230602397,0,0,2,1,1,0,0
16,0,0,2,3.126628767856772,10,0,1,1,1,1,1
16,0,1,0,12.34708501976134,1,0,0,1,0,0,1
17,0,1,2,18.29772300243008,20,1,3,0,0,1,0
17,0,0,1,5.141921787902235,5,1,1,0,0,0,0
15,1,3,3,5.370001523949908,22,1,3,0,0,0,0
17,1,0,3,1.155763940397283,5,0,3,0,0,0,1
17,1,0,1,9.921509570010622,4,0,1,0,0,0,0
15,1,1,1,9.727442016502952,6,1,1,0,0,0,0
18,0,0,1,5.180702882066943,21,0,3,0,0,0,0
16,0,2,2,5.665930559954044,22,1,1,1,1,0,0
15,0,0,1,9.067412112083147,20,0,2,1,1,1,0
18,1,0,3,4.998034432737796,3,0,3,0,0,0,0
18,0,1,1,17.066929952174476,23,0,3,0,1,0,0
16,1,0,2,4.944121474777536,18,1,2,0,0,0,0
15,0,3,1,7.924946936328119,6,0,1,0,1,0,0
15,1,2,1,3.426490889087499,4,0,2,1,0,0,0
18,0,1,0,16.028336218172544,23,0,4,1,0,0,0
16,0,3,3,2.147222369013355,19,0,1,0,0,0,1
15,1,0,0,17.278716149199095,16,0,2,0,0,0,1
15,1,0,1,10.352596567959344,15,1,2,1,0,1,0
16,1,1,2,11.328873701732531,22,0,3,1,0,0,0
15,0,0,2,8.991978120154746,10,1,3,1,0,0,0
15,1,3,2,6.997233884449569,11,1,3,0,0,1,0
15,0,0,0,4.430021017077054,15,0,2,0,1,0,0
17,1,0,1,2.607033594295836,9,0,3,0,1,0,0
17,1,3,0,13.305456724738216,29,1,3,0,0,1,0
17,1,0,3,2.0896063350791616,13,0,3,0,0,0,0
18,1,0,2,18.04491246192463,12,0,0,0,1,0,0
15,0,0,2,1.265253436413496,2,1,1,0,1,0,0
16,0,1,2,6.916571406191878,22,0,2,1,0,0,0
18,0,0,2,18.92528986006164,24,0,1,1,0,1,1
15,1,0,0,6.486273277511612,16,1,2,0,0,1,0
18,0,0,3,9.24913634130296,11,0,4,0,0,1,0
